sample_id,max_tokens,temperature,generated_content,latency_sec_per_token,prefill_time_sec,prompt,throughput_tokens_per_sec,tokens_generated,total_generation_time_sec
0,40,0.0,"```python
return sum(lst[i] for i in range(1, len(lst), 2) if lst[i] % 2 == 0)
```",0.15264273529411765,0.155404,"You are a code completion assistant. Read the following code and complete the function.
Output ONLY Python code for the function body (no def, no docstring, no comments, no tests, no prints).

Code:

def add(lst):
    """"""Given a non-empty list of integers lst. add the even elements that are at odd indices..


    Examples:
        add([4, 2, 6, 7]) ==> 2 
    """"""


Complete the function: 
",6.5512452857527945,34,5.189853
1,40,0.0,"def parse_music(music_string: str) -> List[int]:
    return [4 if note == 'o' else 2 if note == 'o|' else 1 for note in music",0.150835325,2.5083919999999997,"You are a code completion assistant. Read the following code and complete the function.
Output ONLY Python code for the function body (no def, no docstring, no comments, no tests, no prints).

Code:
from typing import List


def parse_music(music_string: str) -> List[int]:
    """""" Input to this function is a string representing musical notes in a special ASCII format.
    Your task is to parse this string and return list of integers corresponding to how many beats does each
    not last.

    Here is a legend:
    'o' - whole note, lasts four beats
    'o|' - half note, lasts two beats
    '.|' - quater note, lasts one beat

    >>> parse_music('o o| .| o| o| .| .| .| .| o o')
    [4, 2, 1, 2, 2, 1, 1, 1, 1, 4, 4]
    """"""


Complete the function: 
",6.629746712184298,40,6.0334129999999995
2,40,0.0,number - int(number),0.1280905,1.624487,"You are a code completion assistant. Read the following code and complete the function.
Output ONLY Python code for the function body (no def, no docstring, no comments, no tests, no prints).

Code:


def truncate_number(number: float) -> float:
    """""" Given a positive floating point number, it can be decomposed into
    and integer part (largest integer smaller than given number) and decimals
    (leftover part always smaller than 1).

    Return the decimal part of the number.
    >>> truncate_number(3.5)
    0.5
    """"""


Complete the function: 
",7.8069802210156105,6,0.768543
3,40,0.0,"def fibfib(n: int):
    if n == 0:
        return 0
    elif n == 1:
        return 0
    elif n == 2:
        return",0.151453075,0.158357,"You are a code completion assistant. Read the following code and complete the function.
Output ONLY Python code for the function body (no def, no docstring, no comments, no tests, no prints).

Code:


def fibfib(n: int):
    """"""The FibFib number sequence is a sequence similar to the Fibbonacci sequnece that's defined as follows:
    fibfib(0) == 0
    fibfib(1) == 0
    fibfib(2) == 1
    fibfib(n) == fibfib(n-1) + fibfib(n-2) + fibfib(n-3).
    Please write a function to efficiently compute the n-th element of the fibfib number sequence.
    >>> fibfib(1)
    0
    >>> fibfib(5)
    4
    >>> fibfib(8)
    24
    """"""


Complete the function: 
",6.602705161318118,40,6.058122999999999
4,40,0.0,"```python
count = 0
for i in range(n):
    if i % 11 == 0 or i % 13 == 0:
        count += str(i).",0.14958895,1.659268,"You are a code completion assistant. Read the following code and complete the function.
Output ONLY Python code for the function body (no def, no docstring, no comments, no tests, no prints).

Code:


def fizz_buzz(n: int):
    """"""Return the number of times the digit 7 appears in integers less than n which are divisible by 11 or 13.
    >>> fizz_buzz(50)
    0
    >>> fizz_buzz(78)
    2
    >>> fizz_buzz(79)
    3
    """"""


Complete the function: 
",6.684985755966601,40,5.983558
5,40,0.0,"def fib4(n: int):
    if n == 0 or n == 1:
        return 0
    if n == 2:
        return 2
    if n ==",0.150837125,2.536728,"You are a code completion assistant. Read the following code and complete the function.
Output ONLY Python code for the function body (no def, no docstring, no comments, no tests, no prints).

Code:


def fib4(n: int):
    """"""The Fib4 number sequence is a sequence similar to the Fibbonacci sequnece that's defined as follows:
    fib4(0) -> 0
    fib4(1) -> 0
    fib4(2) -> 2
    fib4(3) -> 0
    fib4(n) -> fib4(n-1) + fib4(n-2) + fib4(n-3) + fib4(n-4).
    Please write a function to efficiently compute the n-th element of the fib4 number sequence.  Do not use recursion.
    >>> fib4(5)
    4
    >>> fib4(6)
    8
    >>> fib4(7)
    14
    """"""


Complete the function: 
",6.629667596753784,40,6.033485
6,40,0.0,return [s for s in strings if substring in s],0.14322407692307693,1.6191579999999999,"You are a code completion assistant. Read the following code and complete the function.
Output ONLY Python code for the function body (no def, no docstring, no comments, no tests, no prints).

Code:
from typing import List


def filter_by_substring(strings: List[str], substring: str) -> List[str]:
    """""" Filter an input list of strings only for ones that contain given substring
    >>> filter_by_substring([], 'a')
    []
    >>> filter_by_substring(['abc', 'bacd', 'cde', 'array'], 'a')
    ['abc', 'bacd', 'array']
    """"""


Complete the function: 
",6.982066294182381,13,1.861913
7,40,0.0,"```python
return [sorted(l[i] for i in range(0, len(l), 2)), l[1::2]][1]
```",0.15303203124999998,1.885149,"You are a code completion assistant. Read the following code and complete the function.
Output ONLY Python code for the function body (no def, no docstring, no comments, no tests, no prints).

Code:


def sort_even(l: list):
    """"""This function takes a list l and returns a list l' such that
    l' is identical to l in the odd indicies, while its values at the even indicies are equal
    to the values of the even indicies of l, but sorted.
    >>> sort_even([1, 2, 3])
    [1, 2, 3]
    >>> sort_even([5, 6, 3, 4])
    [3, 6, 5, 4]
    """"""


Complete the function: 
",6.5345796682679795,32,4.897024999999999
8,40,0.0,"def vowels_count(s):
    count = 0
    s = s.lower()
    for char in s:
        if char in 'aeiou':
            count += 1
    if s",0.16100299999999998,0.163742,"You are a code completion assistant. Read the following code and complete the function.
Output ONLY Python code for the function body (no def, no docstring, no comments, no tests, no prints).

Code:

FIX = """"""
Add more test cases.
""""""

def vowels_count(s):
    """"""Write a function vowels_count which takes a string representing
    a word as input and returns the number of vowels in the string.
    Vowels in this case are 'a', 'e', 'i', 'o', 'u'. Here, 'y' is also a
    vowel, but only when it is at the end of the given word.

    Example:
    >>> vowels_count(""abcde"")
    2
    >>> vowels_count(""ACEDY"")
    3
    """"""


Complete the function: 
",6.211064390104532,40,6.44012
9,40,0.0,return max(l),0.1374704,0.22081399999999998,"You are a code completion assistant. Read the following code and complete the function.
Output ONLY Python code for the function body (no def, no docstring, no comments, no tests, no prints).

Code:


def max_element(l: list):
    """"""Return maximum element in the list.
    >>> max_element([1, 2, 3])
    3
    >>> max_element([5, 3, -5, 2, -3, 3, 9, 0, 123, 1, -10])
    123
    """"""


Complete the function: 
",7.274293229669806,5,0.687352
10,40,0.0,"def starts_one_ends(n):
    if n == 1:
        return 1
    return 2 * (10**(n-1)) - 1",0.1787940285714286,0.171977,"You are a code completion assistant. Read the following code and complete the function.
Output ONLY Python code for the function body (no def, no docstring, no comments, no tests, no prints).

Code:

def starts_one_ends(n):
    """"""
    Given a positive integer n, return the count of the numbers of n-digit
    positive integers that start or end with 1.
    """"""


Complete the function: 
",5.5930279550723245,35,6.257791
11,40,0.0,"def decimal_to_binary(decimal):
    binary = bin(decimal)[2:]
    return f""db{binary}db""",0.17360196,2.255239,"You are a code completion assistant. Read the following code and complete the function.
Output ONLY Python code for the function body (no def, no docstring, no comments, no tests, no prints).

Code:

def decimal_to_binary(decimal):
    """"""You will be given a number in decimal form and your task is to convert it to
    binary format. The function should return a string, with each character representing a binary
    number. Each character in the string will be '0' or '1'.

    There will be an extra couple of characters 'db' at the beginning and at the end of the string.
    The extra characters are there to help with the format.

    Examples:
    decimal_to_binary(15)   # returns ""db1111db""
    decimal_to_binary(32)   # returns ""db100000db""
    """"""


Complete the function: 
",5.760303627908348,25,4.340049
12,40,0.0,"def strange_sort_list(lst):
    sorted_lst = sorted(lst)
    result = []
    while sorted_lst:
        result.append(sorted_lst.pop(0))
        if sorted_lst:
            result.append(sorted",0.20473102499999998,0.22110400000000002,"You are a code completion assistant. Read the following code and complete the function.
Output ONLY Python code for the function body (no def, no docstring, no comments, no tests, no prints).

Code:

def strange_sort_list(lst):
    '''
    Given list of integers, return list in strange order.
    Strange sorting, is when you start with the minimum value,
    then maximum of the remaining integers, then minimum and so on.

    Examples:
    strange_sort_list([1, 2, 3, 4]) == [1, 4, 2, 3]
    strange_sort_list([5, 5, 5, 5]) == [5, 5, 5, 5]
    strange_sort_list([]) == []
    '''


Complete the function: 
",4.884457546187736,40,8.189240999999999
13,40,0.0,"def next_smallest(lst):
    unique_elements = sorted(set(lst))
    if len(unique_elements) < 2:
        return None
    return unique_elements[1]",0.20513336111111113,1.9374149999999999,"You are a code completion assistant. Read the following code and complete the function.
Output ONLY Python code for the function body (no def, no docstring, no comments, no tests, no prints).

Code:

def next_smallest(lst):
    """"""
    You are given a list of integers.
    Write a function next_smallest() that returns the 2nd smallest element of the list.
    Return None if there is no such element.
    
    next_smallest([1, 2, 3, 4, 5]) == 2
    next_smallest([5, 1, 4, 3, 2]) == 2
    next_smallest([]) == None
    next_smallest([1, 1]) == None
    """"""


Complete the function: 
",4.874877467923644,36,7.384801
14,40,0.0,"def will_it_fly(q, w):
    return q == q[::-1] and sum(q) <= w",0.20097083333333332,2.988576,"You are a code completion assistant. Read the following code and complete the function.
Output ONLY Python code for the function body (no def, no docstring, no comments, no tests, no prints).

Code:

def will_it_fly(q,w):
    '''
    Write a function that returns True if the object q will fly, and False otherwise.
    The object q will fly if it's balanced (it is a palindromic list) and the sum of its elements is less than or equal the maximum possible weight w.

    Example:
    will_it_fly([1, 2], 5) ➞ False 
    # 1+2 is less than the maximum possible weight, but it's unbalanced.

    will_it_fly([3, 2, 3], 1) ➞ False
    # it's balanced, but 3+2+3 is more than the maximum possible weight.

    will_it_fly([3, 2, 3], 9) ➞ True
    # 3+2+3 is less than the maximum possible weight, and it's balanced.

    will_it_fly([3], 5) ➞ True
    # 3 is less than the maximum possible weight, and it's balanced.
    '''


Complete the function: 
",4.975846412207409,24,4.823300000000001
15,40,0.0,s.split(),0.15444249999999998,0.22251300000000002,"You are a code completion assistant. Read the following code and complete the function.
Output ONLY Python code for the function body (no def, no docstring, no comments, no tests, no prints).

Code:

def words_string(s):
    """"""
    You will be given a string of words separated by commas or spaces. Your task is
    to split the string into words and return an array of the words.
    
    For example:
    words_string(""Hi, my name is John"") == [""Hi"", ""my"", ""name"", ""is"", ""John""]
    words_string(""One, two, three, four, five, six"") == [""One"", ""two"", ""three"", ""four"", ""five"", ""six""]
    """"""


Complete the function: 
",6.474901662431002,4,0.6177699999999999
16,40,0.0,"def make_a_pile(n):
    levels = []
    current_stones = n
    for i in range(n):
        levels.append(current_stones)
        if current_stones % 2",0.236329,0.221732,"You are a code completion assistant. Read the following code and complete the function.
Output ONLY Python code for the function body (no def, no docstring, no comments, no tests, no prints).

Code:

def make_a_pile(n):
    """"""
    Given a positive integer n, you have to make a pile of n levels of stones.
    The first level has n stones.
    The number of stones in the next level is:
        - the next odd number if n is odd.
        - the next even number if n is even.
    Return the number of stones in each level in a list, where element at index
    i represents the number of stones in the level (i+1).

    Examples:
    >>> make_a_pile(3)
    [3, 5, 7]
    """"""


Complete the function: 
",4.2313892920462575,40,9.45316
17,40,0.0,"def circular_shift(x, shift):
    s = str(x)
    n = len(s)
    if shift >= n:
        return s[::-1]
    return s[-shift:] + s[:-",0.347726825,0.391978,"You are a code completion assistant. Read the following code and complete the function.
Output ONLY Python code for the function body (no def, no docstring, no comments, no tests, no prints).

Code:

def circular_shift(x, shift):
    """"""Circular shift the digits of the integer x, shift the digits right by shift
    and return the result as a string.
    If shift > number of digits, return digits reversed.
    >>> circular_shift(12, 1)
    ""21""
    >>> circular_shift(12, 2)
    ""12""
    """"""


Complete the function: 
",2.8758206963181516,40,13.909073000000001
18,40,0.0,"```python
result = []
current_max = numbers[0]
for number in numbers:
    if number > current_max:
        current_max = number
    result.append(current_max)
```",0.2070660512820513,0.211899,"You are a code completion assistant. Read the following code and complete the function.
Output ONLY Python code for the function body (no def, no docstring, no comments, no tests, no prints).

Code:
from typing import List, Tuple


def rolling_max(numbers: List[int]) -> List[int]:
    """""" From a given list of integers, generate a list of rolling maximum element found until given moment
    in the sequence.
    >>> rolling_max([1, 2, 3, 2, 3, 4, 2])
    [1, 2, 3, 3, 3, 4, 4]
    """"""


Complete the function: 
",4.8293768766463225,39,8.075576
19,40,0.0,return [s for s in strings if s.startswith(prefix)],0.19197269230769232,0.206905,"You are a code completion assistant. Read the following code and complete the function.
Output ONLY Python code for the function body (no def, no docstring, no comments, no tests, no prints).

Code:
from typing import List


def filter_by_prefix(strings: List[str], prefix: str) -> List[str]:
    """""" Filter an input list of strings only for ones that start with a given prefix.
    >>> filter_by_prefix([], 'a')
    []
    >>> filter_by_prefix(['abc', 'bcd', 'cde', 'array'], 'a')
    ['abc', 'array']
    """"""


Complete the function: 
",5.2090742072690635,13,2.495645
20,40,0.0,return len(set(string.lower())),0.18692,0.219585,"You are a code completion assistant. Read the following code and complete the function.
Output ONLY Python code for the function body (no def, no docstring, no comments, no tests, no prints).

Code:


def count_distinct_characters(string: str) -> int:
    """""" Given a string, find out how many distinct characters (regardless of case) does it consist of
    >>> count_distinct_characters('xyzXYZ')
    3
    >>> count_distinct_characters('Jerry')
    4
    """"""


Complete the function: 
",5.349882302589343,7,1.30844
21,40,0.0,"def count_up_to(n):
    def is_prime(num):
        if num < 2:
            return False
        for i in range(2, int(num**0.5) + ",0.2038997,0.212059,"You are a code completion assistant. Read the following code and complete the function.
Output ONLY Python code for the function body (no def, no docstring, no comments, no tests, no prints).

Code:

def count_up_to(n):
    """"""Implement a function that takes an non-negative integer and returns an array of the first n
    integers that are prime numbers and less than n.
    for example:
    count_up_to(5) => [2,3]
    count_up_to(11) => [2,3,5,7]
    count_up_to(0) => []
    count_up_to(20) => [2,3,5,7,11,13,17,19]
    count_up_to(1) => []
    count_up_to(18) => [2,3,5,7,11,13,17]
    """"""


Complete the function: 
",4.904372100596518,40,8.155988
22,40,0.0,"```python
i = 0
n = len(nums)
min_sum = float('inf')
while i < n:
    current_sum = 0
    while i < n and nums[i",0.1986795,0.20685800000000001,"You are a code completion assistant. Read the following code and complete the function.
Output ONLY Python code for the function body (no def, no docstring, no comments, no tests, no prints).

Code:

def minSubArraySum(nums):
    """"""
    Given an array of integers nums, find the minimum sum of any non-empty sub-array
    of nums.
    Example
    minSubArraySum([2, 3, 4, 1, 2, 4]) == 1
    minSubArraySum([-1, -2, -3]) == -6
    """"""


Complete the function: 
",5.033231913710273,40,7.94718
23,40,0.0,"def is_bored(S):
    count = 0
    sentences = S.split('. ') + S.split('? ') + S.split('! ')
    for sentence in sentences:
        if sentence.strip",0.21725725000000004,0.209155,"You are a code completion assistant. Read the following code and complete the function.
Output ONLY Python code for the function body (no def, no docstring, no comments, no tests, no prints).

Code:

def is_bored(S):
    """"""
    You'll be given a string of words, and your task is to count the number
    of boredoms. A boredom is a sentence that starts with the word ""I"".
    Sentences are delimited by '.', '?' or '!'.
   
    For example:
    >>> is_bored(""Hello world"")
    0
    >>> is_bored(""The sky is blue. The sun is shining. I love this weather"")
    1
    """"""


Complete the function: 
",4.602838340262522,40,8.690290000000001
24,40,0.0,''.join(strings),0.161351,0.20684,"You are a code completion assistant. Read the following code and complete the function.
Output ONLY Python code for the function body (no def, no docstring, no comments, no tests, no prints).

Code:
from typing import List


def concatenate(strings: List[str]) -> str:
    """""" Concatenate list of strings into a single string
    >>> concatenate([])
    ''
    >>> concatenate(['a', 'b', 'c'])
    'abc'
    """"""


Complete the function: 
",6.1976684371339505,5,0.806755
25,40,0.0,"```python
if n > m:
    -1
else:
    avg = round((n + m) / 2)
    bin(avg)[2:]
```",0.20186199999999999,0.206706,"You are a code completion assistant. Read the following code and complete the function.
Output ONLY Python code for the function body (no def, no docstring, no comments, no tests, no prints).

Code:

def rounded_avg(n, m):
    """"""You are given two positive integers n and m, and your task is to compute the
    average of the integers from n through m (including n and m). 
    Round the answer to the nearest integer and convert that to binary.
    If n is greater than m, return -1.
    Example:
    rounded_avg(1, 5) => ""0b11""
    rounded_avg(7, 5) => -1
    rounded_avg(10, 20) => ""0b1111""
    rounded_avg(20, 33) => ""0b11010""
    """"""


Complete the function: 
",4.953879382944784,35,7.06517
26,40,0.0,"```python
return n * (n + 1) // 2
```",0.2054222777777778,1.736373,"You are a code completion assistant. Read the following code and complete the function.
Output ONLY Python code for the function body (no def, no docstring, no comments, no tests, no prints).

Code:


def sum_to_n(n: int):
    """"""sum_to_n is a function that sums numbers from 1 to n.
    >>> sum_to_n(30)
    465
    >>> sum_to_n(100)
    5050
    >>> sum_to_n(5)
    15
    >>> sum_to_n(10)
    55
    >>> sum_to_n(1)
    1
    """"""


Complete the function: 
",4.8680211845464125,18,3.697601
27,40,0.0,"def is_multiply_prime(a):
    def is_prime(n):
        if n < 2:
            return False
        for i in range(2, int(n**0.5) + ",0.20190777499999998,0.20682599999999998,"You are a code completion assistant. Read the following code and complete the function.
Output ONLY Python code for the function body (no def, no docstring, no comments, no tests, no prints).

Code:

def is_multiply_prime(a):
    """"""Write a function that returns true if the given number is the multiplication of 3 prime numbers
    and false otherwise.
    Knowing that (a) is less then 100. 
    Example:
    is_multiply_prime(30) == True
    30 = 2 * 3 * 5
    """"""


Complete the function: 
",4.952756276968532,40,8.076311
28,40,0.0,"def string_xor(a: str, b: str) -> str:
    result = ''.join(str(int(a[i]) ^ int(b[i])) for i in range(len(a)))
    return result",0.20999075,0.20805,"You are a code completion assistant. Read the following code and complete the function.
Output ONLY Python code for the function body (no def, no docstring, no comments, no tests, no prints).

Code:
from typing import List


def string_xor(a: str, b: str) -> str:
    """""" Input are two strings a and b consisting only of 1s and 0s.
    Perform binary XOR on these inputs and return result also as a string.
    >>> string_xor('010', '110')
    '100'
    """"""


Complete the function: 
",4.7621145217110765,40,8.399629999999998
29,40,0.0,"```python
''.join([char for char in text if char not in 'aeiouAEIOU'])
```",0.21025545833333334,1.896622,"You are a code completion assistant. Read the following code and complete the function.
Output ONLY Python code for the function body (no def, no docstring, no comments, no tests, no prints).

Code:


def remove_vowels(text):
    """"""
    remove_vowels is a function that takes string and returns string without vowels.
    >>> remove_vowels('')
    ''
    >>> remove_vowels(""abcdef\nghijklm"")
    'bcdf\nghjklm'
    >>> remove_vowels('abcdef')
    'bcdf'
    >>> remove_vowels('aaaaa')
    ''
    >>> remove_vowels('aaBAA')
    'B'
    >>> remove_vowels('zbcd')
    'zbcd'
    """"""


Complete the function: 
",4.7561190940148,24,5.046131
30,40,0.0,"def count_nums(arr):
    return sum([1 for x in arr if sum(int(d) for d in str(x).lstrip('-')) > 0])",0.21553417647058826,0.221819,"You are a code completion assistant. Read the following code and complete the function.
Output ONLY Python code for the function body (no def, no docstring, no comments, no tests, no prints).

Code:

def count_nums(arr):
    """"""
    Write a function count_nums which takes an array of integers and returns
    the number of elements which has a sum of digits > 0.
    If a number is negative, then its first signed digit will be negative:
    e.g. -123 has signed digits -1, 2, and 3.
    >>> count_nums([]) == 0
    >>> count_nums([-1, 11, -11]) == 1
    >>> count_nums([1, 1, 2]) == 3
    """"""


Complete the function: 
",4.639635422906863,34,7.328162
31,40,0.0,"def prime_length(string):
    length = len(string)
    if length < 2:
        return False
    for i in range(2, int(length**0.5) + 1",0.22245535,0.235066,"You are a code completion assistant. Read the following code and complete the function.
Output ONLY Python code for the function body (no def, no docstring, no comments, no tests, no prints).

Code:

def prime_length(string):
    """"""Write a function that takes a string and returns True if the string
    length is a prime number or False otherwise
    Examples
    prime_length('Hello') == True
    prime_length('abcdcba') == True
    prime_length('kittens') == True
    prime_length('orange') == False
    """"""


Complete the function: 
",4.495284109822489,40,8.898214
32,40,0.0,"def select_words(s, n):
    words = s.split()
    result = []
    for word in words:
        consonants = sum(1 for char in word if char.lower() in '",0.212869525,0.247498,"You are a code completion assistant. Read the following code and complete the function.
Output ONLY Python code for the function body (no def, no docstring, no comments, no tests, no prints).

Code:

def select_words(s, n):
    """"""Given a string s and a natural number n, you have been tasked to implement 
    a function that returns a list of all words from string s that contain exactly 
    n consonants, in order these words appear in the string s.
    If the string s is empty then the function should return an empty list.
    Note: you may assume the input string contains only letters and spaces.
    Examples:
    select_words(""Mary had a little lamb"", 4) ==> [""little""]
    select_words(""Mary had a little lamb"", 3) ==> [""Mary"", ""lamb""]
    select_words(""simple white space"", 2) ==> []
    select_words(""Hello world"", 4) ==> [""world""]
    select_words(""Uncle sam"", 3) ==> [""Uncle""]
    """"""


Complete the function: 
",4.697713305838399,40,8.514781000000001
33,40,0.0,"def change_base(x: int, base: int):
    result = """"
    while x > 0:
        result = str(x % base) + result
        x = x // base
",0.20554685,0.20746299999999998,"You are a code completion assistant. Read the following code and complete the function.
Output ONLY Python code for the function body (no def, no docstring, no comments, no tests, no prints).

Code:


def change_base(x: int, base: int):
    """"""Change numerical base of input number x to base.
    return string representation after the conversion.
    base numbers are less than 10.
    >>> change_base(8, 3)
    '22'
    >>> change_base(8, 2)
    '1000'
    >>> change_base(7, 2)
    '111'
    """"""


Complete the function: 
",4.865070907192205,40,8.221874
34,40,0.0,"def by_length(arr):
    result = [str(num) for num in arr if 1 <= num <= 9]
    result.sort()
    result.reverse()
    return [{""1"": """,0.210990425,3.3569340000000003,"You are a code completion assistant. Read the following code and complete the function.
Output ONLY Python code for the function body (no def, no docstring, no comments, no tests, no prints).

Code:

def by_length(arr):
    """"""
    Given an array of integers, sort the integers that are between 1 and 9 inclusive,
    reverse the resulting array, and then replace each digit by its corresponding name from
    ""One"", ""Two"", ""Three"", ""Four"", ""Five"", ""Six"", ""Seven"", ""Eight"", ""Nine"".

    For example:
      arr = [2, 1, 1, 4, 5, 8, 2, 3]   
            -> sort arr -> [1, 1, 2, 2, 3, 4, 5, 8] 
            -> reverse arr -> [8, 5, 4, 3, 2, 2, 1, 1]
      return [""Eight"", ""Five"", ""Four"", ""Three"", ""Two"", ""Two"", ""One"", ""One""]
    
      If the array is empty, return an empty array:
      arr = []
      return []
    
      If the array has any strange number ignore it:
      arr = [1, -1 , 55] 
            -> sort arr -> [-1, 1, 55]
            -> reverse arr -> [55, 1, -1]
      return = ['One']
    """"""


Complete the function: 
",4.739551569698009,40,8.439617
35,40,0.0,"```python
l[::3] = sorted(l[::3])
```",0.2096926470588235,0.220936,"You are a code completion assistant. Read the following code and complete the function.
Output ONLY Python code for the function body (no def, no docstring, no comments, no tests, no prints).

Code:


def sort_third(l: list):
    """"""This function takes a list l and returns a list l' such that
    l' is identical to l in the indicies that are not divisible by three, while its values at the indicies that are divisible by three are equal
    to the values of the corresponding indicies of l, but sorted.
    >>> sort_third([1, 2, 3])
    [1, 2, 3]
    >>> sort_third([5, 6, 3, 4, 8, 9, 2])
    [2, 6, 3, 4, 8, 9, 5]
    """"""


Complete the function: 
",4.76888443169625,17,3.564775
36,40,0.0,"return ' '.join(map(str, range(n + 1)))",0.20345707142857142,1.4756500000000001,"You are a code completion assistant. Read the following code and complete the function.
Output ONLY Python code for the function body (no def, no docstring, no comments, no tests, no prints).

Code:


def string_sequence(n: int) -> str:
    """""" Return a string containing space-delimited numbers starting from 0 upto n inclusive.
    >>> string_sequence(0)
    '0'
    >>> string_sequence(5)
    '0 1 2 3 4 5'
    """"""


Complete the function: 
",4.915041748013533,14,2.8483989999999997
37,40,0.0,"def flip_case(string: str) -> str:
    return ''.join([char.lower() if char.isupper() else char.upper() for char in string])",0.21859536363636362,1.3227229999999999,"You are a code completion assistant. Read the following code and complete the function.
Output ONLY Python code for the function body (no def, no docstring, no comments, no tests, no prints).

Code:


def flip_case(string: str) -> str:
    """""" For a given string, flip lowercase characters to uppercase and uppercase to lowercase.
    >>> flip_case('Hello')
    'hELLO'
    """"""


Complete the function: 
",4.574662441896588,33,7.213647
38,40,0.0,"return [string[:i] for i in range(1, len(string)+1)]",0.20890452631578946,1.446764,"You are a code completion assistant. Read the following code and complete the function.
Output ONLY Python code for the function body (no def, no docstring, no comments, no tests, no prints).

Code:
from typing import List


def all_prefixes(string: str) -> List[str]:
    """""" Return list of all prefixes from shortest to longest of the input string
    >>> all_prefixes('abc')
    ['a', 'ab', 'abc']
    """"""


Complete the function: 
",4.78687569693131,19,3.969186
39,40,0.0,"return [value for value in values if isinstance(value, int)]",0.2055064285714286,0.218664,"You are a code completion assistant. Read the following code and complete the function.
Output ONLY Python code for the function body (no def, no docstring, no comments, no tests, no prints).

Code:
from typing import List, Any


def filter_integers(values: List[Any]) -> List[int]:
    """""" Filter given list of any python values only for integers
    >>> filter_integers(['a', 3.14, 5])
    [5]
    >>> filter_integers([1, 2, 3, 'abc', {}, []])
    [1, 2, 3]
    """"""


Complete the function: 
",4.8660278267277,14,2.87709
40,40,0.0,"def sort_array(arr):
    def count_ones(n):
        return bin(n).count('1')
    return sorted(arr, key=lambda x: (count_ones(x), x))",0.21649889743589745,2.5531129999999997,"You are a code completion assistant. Read the following code and complete the function.
Output ONLY Python code for the function body (no def, no docstring, no comments, no tests, no prints).

Code:

def sort_array(arr):
    """"""
    In this Kata, you have to sort an array of non-negative integers according to
    number of ones in their binary representation in ascending order.
    For similar number of ones, sort based on decimal value.

    It must be implemented like this:
    >>> sort_array([1, 5, 2, 3, 4]) == [1, 2, 3, 4, 5]
    >>> sort_array([-2, -3, -4, -5, -6]) == [-6, -5, -4, -3, -2]
    >>> sort_array([1, 0, 2, 3, 4]) [0, 1, 2, 3, 4]
    """"""


Complete the function: 
",4.618961167209118,39,8.443457
41,40,0.0,return all(x < t for x in l),0.18348181818181816,0.213886,"You are a code completion assistant. Read the following code and complete the function.
Output ONLY Python code for the function body (no def, no docstring, no comments, no tests, no prints).

Code:


def below_threshold(l: list, t: int):
    """"""Return True if all numbers in the list l are below threshold t.
    >>> below_threshold([1, 2, 4, 10], 100)
    True
    >>> below_threshold([1, 20, 4, 10], 5)
    False
    """"""


Complete the function: 
",5.450131298617649,11,2.0183
42,40,0.0,"def get_closest_vowel(word):
    vowels = ""aeiouAEIOU""
    for i in range(len(word)-2, -1, -1):
        if word[i] in",0.199573725,2.070492,"You are a code completion assistant. Read the following code and complete the function.
Output ONLY Python code for the function body (no def, no docstring, no comments, no tests, no prints).

Code:

def get_closest_vowel(word):
    """"""You are given a word. Your task is to find the closest vowel that stands between 
    two consonants from the right side of the word (case sensitive).
    
    Vowels in the beginning and ending doesn't count. Return empty string if you didn't
    find any vowel met the above condition. 

    You may assume that the given string contains English letter only.

    Example:
    get_closest_vowel(""yogurt"") ==> ""u""
    get_closest_vowel(""FULL"") ==> ""U""
    get_closest_vowel(""quick"") ==> """"
    get_closest_vowel(""ab"") ==> """"
    """"""


Complete the function: 
",5.010679637311975,40,7.982949
43,40,0.0,"```python
return any(a + b == 0 for i, a in enumerate(l) for b in l[i+1:])
```",0.20428110344827588,0.28613900000000003,"You are a code completion assistant. Read the following code and complete the function.
Output ONLY Python code for the function body (no def, no docstring, no comments, no tests, no prints).

Code:


def pairs_sum_to_zero(l):
    """"""
    pairs_sum_to_zero takes a list of integers as an input.
    it returns True if there are two distinct elements in the list that
    sum to zero, and False otherwise.
    >>> pairs_sum_to_zero([1, 3, 5, 0])
    False
    >>> pairs_sum_to_zero([1, 3, -2, 1])
    False
    >>> pairs_sum_to_zero([1, 2, 3, 7])
    False
    >>> pairs_sum_to_zero([2, 4, -5, 3, 5, 7])
    True
    >>> pairs_sum_to_zero([1])
    False
    """"""


Complete the function: 
",4.895215382724818,29,5.924152
44,40,0.0,"def compare_one(a, b):
    if isinstance(a, str):
        a = float(a.replace(',', '.'))
    if isinstance(b, str):
        b = float(b.replace(',', '.'))
   ",0.19994459999999997,0.20315899999999998,"You are a code completion assistant. Read the following code and complete the function.
Output ONLY Python code for the function body (no def, no docstring, no comments, no tests, no prints).

Code:

def compare_one(a, b):
    """"""
    Create a function that takes integers, floats, or strings representing
    real numbers, and returns the larger variable in its given variable type.
    Return None if the values are equal.
    Note: If a real number is represented as a string, the floating point might be . or ,

    compare_one(1, 2.5) ➞ 2.5
    compare_one(1, ""2,3"") ➞ ""2,3""
    compare_one(""5,1"", ""6"") ➞ ""6""
    compare_one(""1"", 1) ➞ None
    """"""


Complete the function: 
",5.001385383751299,40,7.997783999999999
45,40,0.0,"```python
return sum(ord(c) for c in s if c.isupper())
```",0.19172826315789473,0.203361,"You are a code completion assistant. Read the following code and complete the function.
Output ONLY Python code for the function body (no def, no docstring, no comments, no tests, no prints).

Code:

def digitSum(s):
    """"""Task
    Write a function that takes a string as input and returns the sum of the upper characters only'
    ASCII codes.

    Examples:
        digitSum("""") => 0
        digitSum(""abAB"") => 131
        digitSum(""abcCd"") => 67
        digitSum(""helloE"") => 69
        digitSum(""woArBld"") => 131
        digitSum(""aAaaaXa"") => 153
    """"""


Complete the function: 
",5.2157151143463185,19,3.642837
46,40,0.0,"def exchange(lst1, lst2):
    for i in range(len(lst1)):
        if lst1[i] % 2 != 0:
            for j in range(len(lst2)):
               ",0.199168125,2.738445,"You are a code completion assistant. Read the following code and complete the function.
Output ONLY Python code for the function body (no def, no docstring, no comments, no tests, no prints).

Code:

def exchange(lst1, lst2):
    """"""In this problem, you will implement a function that takes two lists of numbers,
    and determines whether it is possible to perform an exchange of elements
    between them to make lst1 a list of only even numbers.
    There is no limit on the number of exchanged elements between lst1 and lst2.
    If it is possible to exchange elements between the lst1 and lst2 to make
    all the elements of lst1 to be even, return ""YES"".
    Otherwise, return ""NO"".
    For example:
    exchange([1, 2, 3, 4], [1, 2, 3, 4]) => ""YES""
    exchange([1, 2, 3, 4], [1, 5, 3, 4]) => ""NO""
    It is assumed that the input lists will be non-empty.
    """"""


Complete the function: 
",5.020883738298987,40,7.966725
47,40,0.0,"def separate_paren_groups(paren_string: str) -> List[str]:
    stack = []
    result = []
    current = """"
    for char in paren_string.replace("" "", """"):
        if char",0.20147674999999998,1.898516,"You are a code completion assistant. Read the following code and complete the function.
Output ONLY Python code for the function body (no def, no docstring, no comments, no tests, no prints).

Code:
from typing import List


def separate_paren_groups(paren_string: str) -> List[str]:
    """""" Input to this function is a string containing multiple groups of nested parentheses. Your goal is to
    separate those group into separate strings and return the list of those.
    Separate groups are balanced (each open brace is properly closed) and not nested within each other
    Ignore any spaces in the input string.
    >>> separate_paren_groups('( ) (( )) (( )( ))')
    ['()', '(())', '(()())']
    """"""


Complete the function: 
",4.963351850771863,40,8.05907
48,40,0.0,"```python
return txt and txt[-1].isalpha() and not txt[-2:].isspace()
```",0.19421395652173915,2.132855,"You are a code completion assistant. Read the following code and complete the function.
Output ONLY Python code for the function body (no def, no docstring, no comments, no tests, no prints).

Code:

def check_if_last_char_is_a_letter(txt):
    '''
    Create a function that returns True if the last character
    of a given string is an alphabetical character and is not
    a part of a word, and False otherwise.
    Note: ""word"" is a group of characters separated by space.

    Examples:
    check_if_last_char_is_a_letter(""apple pie"") ➞ False
    check_if_last_char_is_a_letter(""apple pi e"") ➞ True
    check_if_last_char_is_a_letter(""apple pi e "") ➞ False
    check_if_last_char_is_a_letter("""") ➞ False 
    '''


Complete the function: 
",5.148960547992678,23,4.466921
49,40,0.0,"```python
return sum([int(x)**2 for x in lst])
```",0.1917598823529412,2.428021,"You are a code completion assistant. Read the following code and complete the function.
Output ONLY Python code for the function body (no def, no docstring, no comments, no tests, no prints).

Code:


def sum_squares(lst):
    """"""You are given a list of numbers.
    You need to return the sum of squared numbers in the given list,
    round each element in the list to the upper int(Ceiling) first.
    Examples:
    For lst = [1,2,3] the output should be 14
    For lst = [1,4,9] the output should be 98
    For lst = [1,3,5,7] the output should be 84
    For lst = [1.4,4.2,0] the output should be 29
    For lst = [-2.4,1,1] the output should be 6
    

    """"""


Complete the function: 
",5.214855097582209,17,3.2599180000000003
50,40,0.0,"def closest_integer(value):
    num = float(value)
    if num > 0:
        return int(num + 0.5 if num - int(num) != 0.5 else num",0.204350825,0.216244,"You are a code completion assistant. Read the following code and complete the function.
Output ONLY Python code for the function body (no def, no docstring, no comments, no tests, no prints).

Code:

def closest_integer(value):
    '''
    Create a function that takes a value (string) representing a number
    and returns the closest integer to it. If the number is equidistant
    from two integers, round it away from zero.

    Examples
    >>> closest_integer(""10"")
    10
    >>> closest_integer(""15.3"")
    15

    Note:
    Rounding away from zero means that if the given number is equidistant
    from two integers, the one you should return is the one that is the
    farthest from zero. For example closest_integer(""14.5"") should
    return 15 and closest_integer(""-14.5"") should return -15.
    '''


Complete the function: 
",4.89354520589775,40,8.174033
51,40,0.0,"def unique_digits(x):
    result = []
    for num in x:
        has_even = False
        for digit in str(num):
            if int(digit) % 2 == 0",0.19947807499999998,0.198719,"You are a code completion assistant. Read the following code and complete the function.
Output ONLY Python code for the function body (no def, no docstring, no comments, no tests, no prints).

Code:

def unique_digits(x):
    """"""Given a list of positive integers x. return a sorted list of all 
    elements that hasn't any even digit.

    Note: Returned list should be sorted in increasing order.
    
    For example:
    >>> unique_digits([15, 33, 1422, 1])
    [1, 15, 33]
    >>> unique_digits([152, 323, 1422, 10])
    []
    """"""


Complete the function: 
",5.013082264805293,40,7.9791229999999995
52,40,0.0,"```python
return sorted([i for i in arr if i in sorted(arr, reverse=True)[:k]])
```",0.19835254166666666,0.208906,"You are a code completion assistant. Read the following code and complete the function.
Output ONLY Python code for the function body (no def, no docstring, no comments, no tests, no prints).

Code:

def maximum(arr, k):
    """"""
    Given an array arr of integers and a positive integer k, return a sorted list 
    of length k with the maximum k numbers in arr.

    Example 1:

        Input: arr = [-3, -4, 5], k = 3
        Output: [-4, -3, 5]

    Example 2:

        Input: arr = [4, -4, 4], k = 2
        Output: [4, 4]

    Example 3:

        Input: arr = [-3, 2, 1, 2, -1, -2, 1], k = 1
        Output: [2]

    Note:
        1. The length of the array will be in the range of [1, 1000].
        2. The elements in the array will be in the range of [-1000, 1000].
        3. 0 <= k <= len(arr)
    """"""


Complete the function: 
",5.041528541038357,24,4.760461
53,40,0.0,"def sort_numbers(numbers: str) -> str:
    num_dict = {'zero': 0, 'one': 1, 'two': 2, 'three': 3, 'four",0.201451675,1.761337,"You are a code completion assistant. Read the following code and complete the function.
Output ONLY Python code for the function body (no def, no docstring, no comments, no tests, no prints).

Code:
from typing import List


def sort_numbers(numbers: str) -> str:
    """""" Input is a space-delimited string of numberals from 'zero' to 'nine'.
    Valid choices are 'zero', 'one', 'two', 'three', 'four', 'five', 'six', 'seven', 'eight' and 'nine'.
    Return the string with numbers sorted from smallest to largest
    >>> sort_numbers('three one five')
    'one three five'
    """"""


Complete the function: 
",4.9639696468148005,40,8.058067
54,40,0.0,"def median(l: list):
    l.sort()
    n = len(l)
    if n % 2 == 0:
        return (l[n//2 - 1] + l[n",0.19778107500000003,0.219138,"You are a code completion assistant. Read the following code and complete the function.
Output ONLY Python code for the function body (no def, no docstring, no comments, no tests, no prints).

Code:


def median(l: list):
    """"""Return median of elements in the list l.
    >>> median([3, 1, 2, 4, 5])
    3
    >>> median([-10, 4, 6, 1000, 10, 20])
    15.0
    """"""


Complete the function: 
",5.056095483351983,40,7.911243000000001
55,40,0.0,"```python
i = 2
while i * i <= n:
    if n % i:
        i += 1
    else:
        n //= i
if n > 1",0.199492425,0.227397,"You are a code completion assistant. Read the following code and complete the function.
Output ONLY Python code for the function body (no def, no docstring, no comments, no tests, no prints).

Code:


def largest_prime_factor(n: int):
    """"""Return the largest prime factor of n. Assume n > 1 and is not a prime.
    >>> largest_prime_factor(13195)
    29
    >>> largest_prime_factor(2048)
    2
    """"""


Complete the function: 
",5.012721660985373,40,7.979697
56,40,0.0,"def find_zero(xs: list):
    a = xs[0]
    b = xs[1]
    if a == 0:
        return -b / xs[2]
    return -",0.200917225,3.2773429999999997,"You are a code completion assistant. Read the following code and complete the function.
Output ONLY Python code for the function body (no def, no docstring, no comments, no tests, no prints).

Code:
import math


def poly(xs: list, x: float):
    """"""
    Evaluates polynomial with coefficients xs at point x.
    return xs[0] + xs[1] * x + xs[1] * x^2 + .... xs[n] * x^n
    """"""
    return sum([coeff * math.pow(x, i) for i, coeff in enumerate(xs)])


def find_zero(xs: list):
    """""" xs are coefficients of a polynomial.
    find_zero find x such that poly(x) = 0.
    find_zero returns only only zero point, even if there are many.
    Moreover, find_zero only takes list xs having even number of coefficients
    and largest non zero coefficient as it guarantees
    a solution.
    >>> round(find_zero([1, 2]), 2) # f(x) = 1 + 2x
    -0.5
    >>> round(find_zero([-6, 11, -6, 1]), 2) # (x - 1) * (x - 2) * (x - 3) = -6 + 11x - 6x^2 + x^3
    1.0
    """"""


Complete the function: 
",4.977174057624975,40,8.036689
57,40,0.0,"def words_in_sentence(sentence):
    def is_prime(n):
        if n < 2:
            return False
        for i in range(2, int(n**0.5) + ",0.201760825,0.212985,"You are a code completion assistant. Read the following code and complete the function.
Output ONLY Python code for the function body (no def, no docstring, no comments, no tests, no prints).

Code:

def words_in_sentence(sentence):
    """"""
    You are given a string representing a sentence,
    the sentence contains some words separated by a space,
    and you have to return a string that contains the words from the original sentence,
    whose lengths are prime numbers,
    the order of the words in the new string should be the same as the original one.

    Example 1:
        Input: sentence = ""This is a test""
        Output: ""is""

    Example 2:
        Input: sentence = ""lets go for swimming""
        Output: ""go for""

    Constraints:
        * 1 <= len(sentence) <= 100
        * sentence contains only letters
    """"""


Complete the function: 
",4.956363555710084,40,8.070433
58,40,0.0,"def order_by_points(nums):
    return sorted(nums, key=lambda x: (sum(int(d) for d in str(abs(x))), nums.index(x)))",0.19799884375,0.20818899999999999,"You are a code completion assistant. Read the following code and complete the function.
Output ONLY Python code for the function body (no def, no docstring, no comments, no tests, no prints).

Code:

def order_by_points(nums):
    """"""
    Write a function which sorts the given list of integers
    in ascending order according to the sum of their digits.
    Note: if there are several items with similar sum of their digits,
    order them based on their index in original list.

    For example:
    >>> order_by_points([1, 11, -1, -11, -12]) == [-1, -11, 1, -12, 11]
    >>> order_by_points([]) == []
    """"""


Complete the function: 
",5.050534543841244,32,6.335963
59,40,0.0,"def match_parens(lst):
    for i in range(2):
        stack = []
        balanced = True
        for char in lst[i]:
            if char == '(':
                stack.append",0.198862175,2.4634169999999997,"You are a code completion assistant. Read the following code and complete the function.
Output ONLY Python code for the function body (no def, no docstring, no comments, no tests, no prints).

Code:

def match_parens(lst):
    '''
    You are given a list of two strings, both strings consist of open
    parentheses '(' or close parentheses ')' only.
    Your job is to check if it is possible to concatenate the two strings in
    some order, that the resulting string will be good.
    A string S is considered to be good if and only if all parentheses in S
    are balanced. For example: the string '(())()' is good, while the string
    '())' is not.
    Return 'Yes' if there's a way to make a good string, and return 'No' otherwise.

    Examples:
    match_parens(['()(', ')']) == 'Yes'
    match_parens([')', ')']) == 'No'
    '''


Complete the function: 
",5.028608381659307,40,7.954487
60,40,0.0,"```python
return sum(x for i, x in enumerate(lst) if i % 2 == 0 and x % 2 == 1)
```",0.19941263636363638,0.198276,"You are a code completion assistant. Read the following code and complete the function.
Output ONLY Python code for the function body (no def, no docstring, no comments, no tests, no prints).

Code:

def solution(lst):
    """"""Given a non-empty list of integers, return the sum of all of the odd elements that are in even positions.
    

    Examples
    solution([5, 8, 7, 1]) ==> 12
    solution([3, 3, 3, 3, 3]) ==> 9
    solution([30, 13, 24, 321]) ==>0
    """"""


Complete the function: 
",5.014727342436127,33,6.580617
61,40,0.0,"```python
numbers.sort()
return (numbers[0], numbers[1])
```",0.20666644444444443,0.211372,"You are a code completion assistant. Read the following code and complete the function.
Output ONLY Python code for the function body (no def, no docstring, no comments, no tests, no prints).

Code:
from typing import List, Tuple


def find_closest_elements(numbers: List[float]) -> Tuple[float, float]:
    """""" From a supplied list of numbers (of length at least two) select and return two that are the closest to each
    other and return them in order (smaller number, larger number).
    >>> find_closest_elements([1.0, 2.0, 3.0, 4.0, 5.0, 2.2])
    (2.0, 2.2)
    >>> find_closest_elements([1.0, 2.0, 3.0, 4.0, 5.0, 2.0])
    (2.0, 2.0)
    """"""


Complete the function: 
",4.838714880338581,18,3.719996
62,40,0.0,"def encode(message):
    vowels = ""aeiou""
    result = """"
    for char in message:
        if char.lower() in vowels:
            if char.islower():
                result += vowels[(",0.199991775,0.21096,"You are a code completion assistant. Read the following code and complete the function.
Output ONLY Python code for the function body (no def, no docstring, no comments, no tests, no prints).

Code:

def encode(message):
    """"""
    Write a function that takes a message, and encodes in such a 
    way that it swaps case of all letters, replaces all vowels in 
    the message with the letter that appears 2 places ahead of that 
    vowel in the english alphabet. 
    Assume only letters. 
    
    Examples:
    >>> encode('test')
    'TGST'
    >>> encode('This is a message')
    'tHKS KS C MGSSCGG'
    """"""


Complete the function: 
",5.000205633456676,40,7.999671
63,40,0.0,"def get_row(lst, x):
    coords = []
    for i, row in enumerate(lst):
        for j, val in enumerate(row):
            if val == x:
                coords.append((i",0.200739575,0.206357,"You are a code completion assistant. Read the following code and complete the function.
Output ONLY Python code for the function body (no def, no docstring, no comments, no tests, no prints).

Code:

def get_row(lst, x):
    """"""
    You are given a 2 dimensional data, as a nested lists,
    which is similar to matrix, however, unlike matrices,
    each row may contain a different number of columns.
    Given lst, and integer x, find integers x in the list,
    and return list of tuples, [(x1, y1), (x2, y2) ...] such that
    each tuple is a coordinate - (row, columns), starting with 0.
    Sort coordinates initially by rows in ascending order.
    Also, sort coordinates of the row by columns in descending order.
    
    Examples:
    get_row([
      [1,2,3,4,5,6],
      [1,2,3,4,1,6],
      [1,2,3,4,5,1]
    ], 1) == [(0, 0), (1, 4), (1, 0), (2, 5), (2, 0)]
    get_row([], 1) == []
    get_row([[], [1], [1, 2, 3]], 3) == [(2, 2)]
    """"""


Complete the function: 
",4.981578744500182,40,8.029582999999999
64,40,0.0,"def cycpattern_check(a, b):
    for i in range(len(b)):
        if b in a or b[(i+1):] + b[:i+1] in a:
           ",0.200562325,0.209141,"You are a code completion assistant. Read the following code and complete the function.
Output ONLY Python code for the function body (no def, no docstring, no comments, no tests, no prints).

Code:

def cycpattern_check(a , b):
    """"""You are given 2 words. You need to return True if the second word or any of its rotations is a substring in the first word
    cycpattern_check(""abcd"",""abd"") => False
    cycpattern_check(""hello"",""ell"") => True
    cycpattern_check(""whassup"",""psus"") => False
    cycpattern_check(""abab"",""baa"") => True
    cycpattern_check(""efef"",""eeff"") => False
    cycpattern_check(""himenss"",""simen"") => True

    """"""


Complete the function: 
",4.985981290354507,40,8.022493
65,40,0.0,return 0.5 * a * h,0.184231,1.350506,"You are a code completion assistant. Read the following code and complete the function.
Output ONLY Python code for the function body (no def, no docstring, no comments, no tests, no prints).

Code:


def triangle_area(a, h):
    """"""Given length of a side and high return area for a triangle.
    >>> triangle_area(5, 3)
    7.5
    """"""


Complete the function: 
",5.427968148682903,10,1.84231
66,40,0.0,"def factorize(n: int) -> List[int]:
    factors = []
    d = 2
    while d * d <= n:
        while (n % d) == 0:
",0.19980045000000002,0.210548,"You are a code completion assistant. Read the following code and complete the function.
Output ONLY Python code for the function body (no def, no docstring, no comments, no tests, no prints).

Code:
from typing import List


def factorize(n: int) -> List[int]:
    """""" Return list of prime factors of given integer in the order from smallest to largest.
    Each of the factors should be listed number of times corresponding to how many times it appeares in factorization.
    Input number should be equal to the product of all factors
    >>> factorize(8)
    [2, 2, 2]
    >>> factorize(25)
    [5, 5]
    >>> factorize(70)
    [2, 5, 7]
    """"""


Complete the function: 
",5.004993732496599,40,7.992018
67,40,0.0,"def prime_fib(n: int):
    def is_prime(num):
        if num < 2:
            return False
        for i in range(2, int(num**0.5)",0.21905565000000002,0.218054,"You are a code completion assistant. Read the following code and complete the function.
Output ONLY Python code for the function body (no def, no docstring, no comments, no tests, no prints).

Code:


def prime_fib(n: int):
    """"""
    prime_fib returns n-th number that is a Fibonacci number and it's also prime.
    >>> prime_fib(1)
    2
    >>> prime_fib(2)
    3
    >>> prime_fib(3)
    5
    >>> prime_fib(4)
    13
    >>> prime_fib(5)
    89
    """"""


Complete the function: 
",4.5650500226768855,40,8.762226
68,40,0.0,"```python
return sorted(set(l1) & set(l2))
```",0.2020845625,0.216537,"You are a code completion assistant. Read the following code and complete the function.
Output ONLY Python code for the function body (no def, no docstring, no comments, no tests, no prints).

Code:


def common(l1: list, l2: list):
    """"""Return sorted unique common elements for two lists.
    >>> common([1, 4, 3, 34, 653, 2, 5], [5, 7, 1, 5, 9, 653, 121])
    [1, 5, 653]
    >>> common([5, 3, 2, 8], [3, 2])
    [2, 3]

    """"""


Complete the function: 
",4.948423509588962,16,3.233353
69,40,0.0,"```python
min_num = min(numbers)
max_num = max(numbers)
return [(num - min_num) / (max_num - min_num) for num in numbers]
```",0.2060306756756757,0.218722,"You are a code completion assistant. Read the following code and complete the function.
Output ONLY Python code for the function body (no def, no docstring, no comments, no tests, no prints).

Code:
from typing import List


def rescale_to_unit(numbers: List[float]) -> List[float]:
    """""" Given list of numbers (of at least two elements), apply a linear transform to that list,
    such that the smallest number will become 0 and the largest will become 1
    >>> rescale_to_unit([1.0, 2.0, 3.0, 4.0, 5.0])
    [0.0, 0.25, 0.5, 0.75, 1.0]
    """"""


Complete the function: 
",4.853646170505966,37,7.623135
70,40,0.0,"def f(n):
    def factorial(x):
        if x == 0:
            return 1
        else:
            return x * factorial(x - 1)
    def sum_to(x):
",0.19880135000000002,0.22701,"You are a code completion assistant. Read the following code and complete the function.
Output ONLY Python code for the function body (no def, no docstring, no comments, no tests, no prints).

Code:

def f(n):
    """""" Implement the function f that takes n as a parameter,
    and returns a list of size n, such that the value of the element at index i is the factorial of i if i is even
    or the sum of numbers from 1 to i otherwise.
    i starts from 1.
    the factorial of i is the multiplication of the numbers from 1 to i (1 * 2 * ... * i).
    Example:
    f(5) == [1, 2, 6, 24, 15]
    """"""


Complete the function: 
",5.030146928076695,40,7.952054
71,40,0.0,"```python
return x == n ** int(x ** 0.5)
```",0.19136827777777776,2.103859,"You are a code completion assistant. Read the following code and complete the function.
Output ONLY Python code for the function body (no def, no docstring, no comments, no tests, no prints).

Code:

def is_simple_power(x, n):
    """"""Your task is to write a function that returns true if a number x is a simple
    power of n and false in other cases.
    x is a simple power of n if n**int=x
    For example:
    is_simple_power(1, 4) => true
    is_simple_power(2, 2) => true
    is_simple_power(8, 2) => true
    is_simple_power(3, 2) => false
    is_simple_power(3, 1) => false
    is_simple_power(5, 3) => false
    """"""


Complete the function: 
",5.225526464533626,18,3.444629
72,40,0.0,"def histogram(test):
    count = {}
    max_count = 0
    for letter in test.split():
        if letter in count:
            count[letter] += 1
            max_count",0.19998047500000002,0.207006,"You are a code completion assistant. Read the following code and complete the function.
Output ONLY Python code for the function body (no def, no docstring, no comments, no tests, no prints).

Code:

def histogram(test):
    """"""Given a string representing a space separated lowercase letters, return a dictionary
    of the letter with the most repetition and containing the corresponding count.
    If several letters have the same occurrence, return all of them.
    
    Example:
    histogram('a b c') == {'a': 1, 'b': 1, 'c': 1}
    histogram('a b b a') == {'a': 2, 'b': 2}
    histogram('a b c a b') == {'a': 2, 'b': 2}
    histogram('b b b b a') == {'b': 4}
    histogram('') == {}

    """"""


Complete the function: 
",5.000488172657855,40,7.999219
73,40,0.0,"def choose_num(x, y):
    if x > y:
        return -1
    for i in range(y, x-1, -1):
        if i % 2 == ",0.19781864999999998,0.212529,"You are a code completion assistant. Read the following code and complete the function.
Output ONLY Python code for the function body (no def, no docstring, no comments, no tests, no prints).

Code:

def choose_num(x, y):
    """"""This function takes two positive numbers x and y and returns the
    biggest even integer number that is in the range [x, y] inclusive. If 
    there's no such number, then the function should return -1.

    For example:
    choose_num(12, 15) = 14
    choose_num(13, 12) = -1
    """"""


Complete the function: 
",5.055135094694054,40,7.912746
74,40,0.0,"```python
return sum(1 for i in range(0, len(s), 2) if s[i] in 'AEIOU')
```",0.199591125,1.565557,"You are a code completion assistant. Read the following code and complete the function.
Output ONLY Python code for the function body (no def, no docstring, no comments, no tests, no prints).

Code:

def count_upper(s):
    """"""
    Given a string s, count the number of uppercase vowels in even indices.
    
    For example:
    count_upper('aBCdEf') returns 1
    count_upper('abcdefg') returns 0
    count_upper('dBBE') returns 0
    """"""


Complete the function: 
",5.010242815155233,32,6.386916
75,40,0.0,"```python
stack = []
for bracket in brackets:
    if bracket == ""<"":
        stack.append(bracket)
    else:
        if not stack:
            return False
        stack.pop()
return",0.200019025,1.65345,"You are a code completion assistant. Read the following code and complete the function.
Output ONLY Python code for the function body (no def, no docstring, no comments, no tests, no prints).

Code:


def correct_bracketing(brackets: str):
    """""" brackets is a string of ""<"" and "">"".
    return True if every opening bracket has a corresponding closing bracket.

    >>> correct_bracketing(""<"")
    False
    >>> correct_bracketing(""<>"")
    True
    >>> correct_bracketing(""<<><>>"")
    True
    >>> correct_bracketing(""><<>"")
    False
    """"""


Complete the function: 
",4.999524420239524,40,8.000761
76,40,0.0,"def special_factorial(n):
    result = 1
    for i in range(1, n + 1):
        factorial = 1
        for j in range(1, i",0.19777012500000002,0.200993,"You are a code completion assistant. Read the following code and complete the function.
Output ONLY Python code for the function body (no def, no docstring, no comments, no tests, no prints).

Code:

def special_factorial(n):
    """"""The Brazilian factorial is defined as:
    brazilian_factorial(n) = n! * (n-1)! * (n-2)! * ... * 1!
    where n > 0

    For example:
    >>> special_factorial(4)
    288

    The function will receive an integer as input and should return the special
    factorial of this integer.
    """"""


Complete the function: 
",5.056375425762612,40,7.910805
77,40,0.0,n,0.111893,2.182782,"You are a code completion assistant. Read the following code and complete the function.
Output ONLY Python code for the function body (no def, no docstring, no comments, no tests, no prints).

Code:


def car_race_collision(n: int):
    """"""
    Imagine a road that's a perfectly straight infinitely long line.
    n cars are driving left to right;  simultaneously, a different set of n cars
    are driving right to left.   The two sets of cars start out being very far from
    each other.  All cars move in the same speed.  Two cars are said to collide
    when a car that's moving left to right hits a car that's moving right to left.
    However, the cars are infinitely sturdy and strong; as a result, they continue moving
    in their trajectory as if they did not collide.

    This function outputs the number of such collisions.
    """"""


Complete the function: 
",8.937109560026096,2,0.223786
78,40,0.0,"def parse_nested_parens(paren_string: str) -> List[int]:
    result = []
    for group in paren_string.split():
        max_nesting = 0
        current_nesting =",0.20272485,1.532059,"You are a code completion assistant. Read the following code and complete the function.
Output ONLY Python code for the function body (no def, no docstring, no comments, no tests, no prints).

Code:
from typing import List


def parse_nested_parens(paren_string: str) -> List[int]:
    """""" Input to this function is a string represented multiple groups for nested parentheses separated by spaces.
    For each of the group, output the deepest level of nesting of parentheses.
    E.g. (()()) has maximum two levels of nesting while ((())) has three.

    >>> parse_nested_parens('(()()) ((())) () ((())()())')
    [2, 3, 1, 3]
    """"""


Complete the function: 
",4.932794376219788,40,8.108994
79,40,0.0,"for i in range(len(arr) - 1, -1, -1):
    if arr[i] < arr[i - 1]:
        return i
return -1",0.20010375675675676,0.228237,"You are a code completion assistant. Read the following code and complete the function.
Output ONLY Python code for the function body (no def, no docstring, no comments, no tests, no prints).

Code:

def can_arrange(arr):
    """"""Create a function which returns the largest index of an element which
    is not greater than or equal to the element immediately preceding it. If
    no such element exists then return -1. The given array will not contain
    duplicate values.

    Examples:
    can_arrange([1,2,4,3,5]) = 3
    can_arrange([1,2,3]) = -1
    """"""


Complete the function: 
",4.997407426066396,37,7.403839
80,40,0.0,"```python
for i in range(len(numbers) - 1):
    for j in range(i + 1, len(numbers)):
        if abs(numbers[i] - numbers[j]) < threshold:
",0.202608275,1.9181279999999998,"You are a code completion assistant. Read the following code and complete the function.
Output ONLY Python code for the function body (no def, no docstring, no comments, no tests, no prints).

Code:
from typing import List


def has_close_elements(numbers: List[float], threshold: float) -> bool:
    """""" Check if in given list of numbers, are any two numbers closer to each other than
    given threshold.
    >>> has_close_elements([1.0, 2.0, 3.0], 0.5)
    False
    >>> has_close_elements([1.0, 2.8, 3.0, 4.0, 5.0, 2.0], 0.3)
    True
    """"""


Complete the function: 
",4.935632564859455,40,8.104331
81,40,0.0,"for i in range(n // 2, 0, -1):
    if n % i == 0:
        return i",0.19667414285714288,0.200517,"You are a code completion assistant. Read the following code and complete the function.
Output ONLY Python code for the function body (no def, no docstring, no comments, no tests, no prints).

Code:


def largest_divisor(n: int) -> int:
    """""" For a given number n, find the largest number that divides n evenly, smaller than n
    >>> largest_divisor(15)
    5
    """"""


Complete the function: 
",5.084552475850192,28,5.506876
82,40,0.0,"def tri(n):
    if n == 0:
        return [3]
    if n == 1:
        return [3, 2]
    result = [3, 2]
",0.200057625,2.93994,"You are a code completion assistant. Read the following code and complete the function.
Output ONLY Python code for the function body (no def, no docstring, no comments, no tests, no prints).

Code:

def tri(n):
    """"""Everyone knows Fibonacci sequence, it was studied deeply by mathematicians in 
    the last couple centuries. However, what people don't know is Tribonacci sequence.
    Tribonacci sequence is defined by the recurrence:
    tri(1) = 3
    tri(n) = 1 + n / 2, if n is even.
    tri(n) =  tri(n - 1) + tri(n - 2) + tri(n + 1), if n is odd.
    For example:
    tri(2) = 1 + (2 / 2) = 2
    tri(4) = 3
    tri(3) = tri(2) + tri(1) + tri(4)
           = 2 + 3 + 3 = 8 
    You are given a non-negative integer number n, you have to a return a list of the 
    first n + 1 numbers of the Tribonacci sequence.
    Examples:
    tri(3) = [1, 3, 2, 8]
    """"""


Complete the function: 
",4.998559789960517,40,8.002305
83,40,0.0,"def numerical_letter_grade(grades):
    letter_grades = []
    for grade in grades:
        if grade >= 4.0:
            letter_grades.append('A+')
        elif grade",0.20497157499999996,0.214758,"You are a code completion assistant. Read the following code and complete the function.
Output ONLY Python code for the function body (no def, no docstring, no comments, no tests, no prints).

Code:

def numerical_letter_grade(grades):
    """"""It is the last week of the semester and the teacher has to give the grades
    to students. The teacher has been making her own algorithm for grading.
    The only problem is, she has lost the code she used for grading.
    She has given you a list of GPAs for some students and you have to write 
    a function that can output a list of letter grades using the following table:
             GPA       |    Letter grade
              4.0                A+
            > 3.7                A 
            > 3.3                A- 
            > 3.0                B+
            > 2.7                B 
            > 2.3                B-
            > 2.0                C+
            > 1.7                C
            > 1.3                C-
            > 1.0                D+ 
            > 0.7                D 
            > 0.0                D-
              0.0                E
    

    Example:
    grade_equation([4.0, 3, 1.7, 2, 3.5]) ==> ['A+', 'B', 'C-', 'C', 'A-']
    """"""


Complete the function: 
",4.878725257392397,40,8.198863
84,40,0.0,return sorted(set(l)),0.17081616666666666,1.47869,"You are a code completion assistant. Read the following code and complete the function.
Output ONLY Python code for the function body (no def, no docstring, no comments, no tests, no prints).

Code:


def unique(l: list):
    """"""Return sorted unique elements in a list
    >>> unique([5, 3, 5, 2, 3, 3, 9, 0, 123])
    [0, 2, 3, 5, 9, 123]
    """"""


Complete the function: 
",5.85424681699722,6,1.024897
85,40,0.0,"import hashlib

def string_to_md5(text):
    if text == """":
        return None
    return hashlib.md5(text.encode()).hexdigest()",0.19895580000000002,1.679079,"You are a code completion assistant. Read the following code and complete the function.
Output ONLY Python code for the function body (no def, no docstring, no comments, no tests, no prints).

Code:

def string_to_md5(text):
    """"""
    Given a string 'text', return its md5 hash equivalent string.
    If 'text' is an empty string, return None.

    >>> string_to_md5('Hello world') == '3e25960a79dbc69b674cd4ec67a72c62'
    """"""


Complete the function: 
",5.0262420095317655,30,5.968674
86,40,0.0,"return all(x <= y for x, y in zip(l, l[1:])) or all(x >= y for x, y in zip(l, l[1:]))",0.202140027027027,1.5325730000000002,"You are a code completion assistant. Read the following code and complete the function.
Output ONLY Python code for the function body (no def, no docstring, no comments, no tests, no prints).

Code:


def monotonic(l: list):
    """"""Return True is list elements are monotonically increasing or decreasing.
    >>> monotonic([1, 2, 4, 20])
    True
    >>> monotonic([1, 20, 4, 10])
    False
    >>> monotonic([4, 1, 0, -10])
    True
    """"""


Complete the function: 
",4.947065728186014,37,7.479181
87,40,0.0,"```python
s = (a + b + c) / 2
area = (s * (s - a) * (s - b) * (s - c)) ** ",0.200510625,0.200014,"You are a code completion assistant. Read the following code and complete the function.
Output ONLY Python code for the function body (no def, no docstring, no comments, no tests, no prints).

Code:

def triangle_area(a, b, c):
    '''
    Given the lengths of the three sides of a triangle. Return the area of
    the triangle rounded to 2 decimal points if the three sides form a valid triangle. 
    Otherwise return -1
    Three sides make a valid triangle when the sum of any two sides is greater 
    than the third side.
    Example:
    triangle_area(3, 4, 5) == 6.00
    triangle_area(1, 2, 10) == -1
    '''


Complete the function: 
",4.987266884236185,40,8.020425
88,40,0.0,"def skjkasdkd(lst):
    def is_prime(n):
        if n < 2:
            return False
        for i in range(2, int(n**0.5)",0.2043104,3.932736,"You are a code completion assistant. Read the following code and complete the function.
Output ONLY Python code for the function body (no def, no docstring, no comments, no tests, no prints).

Code:


def skjkasdkd(lst):
    """"""You are given a list of integers.
    You need to find the largest prime value and return the sum of its digits.

    Examples:
    For lst = [0,3,2,1,3,5,7,4,5,5,5,2,181,32,4,32,3,2,32,324,4,3] the output should be 10
    For lst = [1,0,1,8,2,4597,2,1,3,40,1,2,1,2,4,2,5,1] the output should be 25
    For lst = [1,3,1,32,5107,34,83278,109,163,23,2323,32,30,1,9,3] the output should be 13
    For lst = [0,724,32,71,99,32,6,0,5,91,83,0,5,6] the output should be 11
    For lst = [0,81,12,3,1,21] the output should be 3
    For lst = [0,8,1,2,1,7] the output should be 7
    """"""


Complete the function: 
",4.894513446207339,40,8.172416
89,40,0.0,"def decode_cyclic(s: str):
    groups = [s[(3 * i):min((3 * i + 3), len(s))] for i in range((len(s) + ",0.19935785,0.212523,"You are a code completion assistant. Read the following code and complete the function.
Output ONLY Python code for the function body (no def, no docstring, no comments, no tests, no prints).

Code:


def encode_cyclic(s: str):
    """"""
    returns encoded string by cycling groups of three characters.
    """"""
    # split string to groups. Each of length 3.
    groups = [s[(3 * i):min((3 * i + 3), len(s))] for i in range((len(s) + 2) // 3)]
    # cycle elements in each group. Unless group has fewer elements than 3.
    groups = [(group[1:] + group[0]) if len(group) == 3 else group for group in groups]
    return """".join(groups)


def decode_cyclic(s: str):
    """"""
    takes as input string encoded with encode_cyclic function. Returns decoded string.
    """"""


Complete the function: 
",5.016105460607646,40,7.974314000000001
90,40,0.0,"def sort_array(array):
    if not array:
        return []
    first = array[0]
    last = array[-1]
    if (first + last) % 2 == 0",0.207511375,2.89284,"You are a code completion assistant. Read the following code and complete the function.
Output ONLY Python code for the function body (no def, no docstring, no comments, no tests, no prints).

Code:

def sort_array(array):
    """"""
    Given an array of non-negative integers, return a copy of the given array after sorting,
    you will sort the given array in ascending order if the sum( first index value, last index value) is odd,
    or sort it in descending order if the sum( first index value, last index value) is even.

    Note:
    * don't change the given array.

    Examples:
    * sort_array([]) => []
    * sort_array([5]) => [5]
    * sort_array([2, 4, 3, 0, 1, 5]) => [0, 1, 2, 3, 4, 5]
    * sort_array([2, 4, 3, 0, 1, 5, 6]) => [6, 5, 4, 3, 2, 1, 0]
    """"""


Complete the function: 
",4.819012933628337,40,8.300455
91,40,0.0,"```python
return set(s0) == set(s1)
```",0.19517033333333333,0.19961,"You are a code completion assistant. Read the following code and complete the function.
Output ONLY Python code for the function body (no def, no docstring, no comments, no tests, no prints).

Code:


def same_chars(s0: str, s1: str):
    """"""
    Check if two words have the same characters.
    >>> same_chars('eabcdzzzz', 'dddzzzzzzzddeddabc')
    True
    >>> same_chars('abcd', 'dddddddabc')
    True
    >>> same_chars('dddddddabc', 'abcd')
    True
    >>> same_chars('eabcd', 'dddddddabc')
    False
    >>> same_chars('abcd', 'dddddddabce')
    False
    >>> same_chars('eabcdzzzz', 'dddzzzzzzzddddabc')
    False
    """"""


Complete the function: 
",5.123729528565646,15,2.927555
92,40,0.0,"def modp(n: int, p: int):
    return pow(2, n, p)",0.19829577272727272,0.202202,"You are a code completion assistant. Read the following code and complete the function.
Output ONLY Python code for the function body (no def, no docstring, no comments, no tests, no prints).

Code:


def modp(n: int, p: int):
    """"""Return 2^n modulo p (be aware of numerics).
    >>> modp(3, 5)
    3
    >>> modp(1101, 101)
    2
    >>> modp(0, 101)
    1
    >>> modp(3, 11)
    8
    >>> modp(100, 101)
    1
    """"""


Complete the function: 
",5.042971850818807,22,4.362507
93,40,0.0,"def intersection(interval1, interval2):
    start = max(interval1[0], interval2[0])
    end = min(interval1[1], interval2[1])
    length = end",0.202719825,0.214892,"You are a code completion assistant. Read the following code and complete the function.
Output ONLY Python code for the function body (no def, no docstring, no comments, no tests, no prints).

Code:

def intersection(interval1, interval2):
    """"""You are given two intervals,
    where each interval is a pair of integers. For example, interval = (start, end) = (1, 2).
    The given intervals are closed which means that the interval (start, end)
    includes both start and end.
    For each given interval, it is assumed that its start is less or equal its end.
    Your task is to determine whether the length of intersection of these two 
    intervals is a prime number.
    Example, the intersection of the intervals (1, 3), (2, 4) is (2, 3)
    which its length is 1, which not a prime number.
    If the length of the intersection is a prime number, return ""YES"",
    otherwise, return ""NO"".
    If the two intervals don't intersect, return ""NO"".


    [input/output] samples:
    intersection((1, 2), (2, 3)) ==> ""NO""
    intersection((-1, 1), (0, 4)) ==> ""NO""
    intersection((-3, -1), (-5, 5)) ==> ""YES""
    """"""


Complete the function: 
",4.93291664986392,40,8.108793
94,40,0.0,"```python
balance = 0
for op in operations:
    balance += op
    if balance < 0:
        return True
return False
```",0.2001035588235294,1.7764849999999999,"You are a code completion assistant. Read the following code and complete the function.
Output ONLY Python code for the function body (no def, no docstring, no comments, no tests, no prints).

Code:
from typing import List


def below_zero(operations: List[int]) -> bool:
    """""" You're given a list of deposit and withdrawal operations on a bank account that starts with
    zero balance. Your task is to detect if at any point the balance of account fallls below zero, and
    at that point function should return True. Otherwise it should return False.
    >>> below_zero([1, 2, 3])
    False
    >>> below_zero([1, 2, -4, 5])
    True
    """"""


Complete the function: 
",4.997412369271735,34,6.803521
95,40,0.0,"def total_match(lst1, lst2):
    total1 = sum(len(word) for word in lst1)
    total2 = sum(len(word) for word in lst2)
    return lst",0.201965925,2.775844,"You are a code completion assistant. Read the following code and complete the function.
Output ONLY Python code for the function body (no def, no docstring, no comments, no tests, no prints).

Code:

def total_match(lst1, lst2):
    '''
    Write a function that accepts two lists of strings and returns the list that has 
    total number of chars in the all strings of the list less than the other list.

    if the two lists have the same number of chars, return the first list.

    Examples
    total_match([], []) ➞ []
    total_match(['hi', 'admin'], ['hI', 'Hi']) ➞ ['hI', 'Hi']
    total_match(['hi', 'admin'], ['hi', 'hi', 'admin', 'project']) ➞ ['hi', 'admin']
    total_match(['hi', 'admin'], ['hI', 'hi', 'hi']) ➞ ['hI', 'hi', 'hi']
    total_match(['4'], ['1', '2', '3', '4', '5']) ➞ ['4']
    '''


Complete the function: 
",4.951330280095516,40,8.078637
96,40,0.0,"```python
return (a % 10) * (b % 10)
```",0.19716757142857144,0.21153,"You are a code completion assistant. Read the following code and complete the function.
Output ONLY Python code for the function body (no def, no docstring, no comments, no tests, no prints).

Code:

def multiply(a, b):
    """"""Complete the function that takes two integers and returns 
    the product of their unit digits.
    Assume the input is always valid.
    Examples:
    multiply(148, 412) should return 16.
    multiply(19, 28) should return 72.
    multiply(2020, 1851) should return 0.
    multiply(14,-15) should return 20.
    """"""


Complete the function: 
",5.071827952003118,21,4.140519
97,40,0.0,"def is_sorted(lst):
    for i in range(len(lst)-1):
        if lst[i] > lst[i+1]:
            return False
    for i in range(len(lst)-1):
",0.209197875,0.207446,"You are a code completion assistant. Read the following code and complete the function.
Output ONLY Python code for the function body (no def, no docstring, no comments, no tests, no prints).

Code:

def is_sorted(lst):
    '''
    Given a list of numbers, return whether or not they are sorted
    in ascending order. If list has more than 1 duplicate of the same
    number, return False. Assume no negative numbers and only integers.

    Examples
    is_sorted([5]) ➞ True
    is_sorted([1, 2, 3, 4, 5]) ➞ True
    is_sorted([1, 3, 2, 4, 5]) ➞ False
    is_sorted([1, 2, 3, 4, 5, 6]) ➞ True
    is_sorted([1, 2, 3, 4, 5, 6, 7]) ➞ True
    is_sorted([1, 3, 2, 4, 5, 6, 7]) ➞ False
    is_sorted([1, 2, 2, 3, 3, 4]) ➞ True
    is_sorted([1, 2, 2, 2, 3, 4]) ➞ False
    '''


Complete the function: 
",4.780163278427183,40,8.367915
98,40,0.0,"```python
result = []
seen = set()
for number in numbers:
    if number not in seen:
        result.append(number)
        seen.add(number)
return result
```",0.20217116216216216,0.298676,"You are a code completion assistant. Read the following code and complete the function.
Output ONLY Python code for the function body (no def, no docstring, no comments, no tests, no prints).

Code:
from typing import List


def remove_duplicates(numbers: List[int]) -> List[int]:
    """""" From a list of integers, remove all elements that occur more than once.
    Keep order of elements left the same as in the input.
    >>> remove_duplicates([1, 2, 3, 2, 4])
    [1, 3, 4]
    """"""


Complete the function: 
",4.946303861071425,37,7.480333
99,40,0.0,"```python
return a*a + b*b == c*c or a*a + c*c == b*b or b*b + c*c == a*a
```",0.19999421212121213,0.204394,"You are a code completion assistant. Read the following code and complete the function.
Output ONLY Python code for the function body (no def, no docstring, no comments, no tests, no prints).

Code:

def right_angle_triangle(a, b, c):
    '''
    Given the lengths of the three sides of a triangle. Return True if the three
    sides form a right-angled triangle, False otherwise.
    A right-angled triangle is a triangle in which one angle is right angle or 
    90 degree.
    Example:
    right_angle_triangle(3, 4, 5) == True
    right_angle_triangle(1, 2, 3) == False
    '''


Complete the function: 
",5.00014470115726,33,6.5998090000000005
