sample_id,draft_steps,max_tokens,temperature,acceptance_rate,draft_n,draft_n_accepted,generated_content,latency_sec_per_token,prefill_time_sec,prompt,throughput_tokens_per_sec,tokens_generated,total_generation_time_sec
0,10,512,0.0,1.0,30,30,"```python
return sum(lst[i] for i in range(1, len(lst), 2) if lst[i] % 2 == 0)
```",0.1460614705882353,0.27386099999999997,"You are a code completion assistant. Read the following code and complete the function.
Output ONLY Python code for the function body (no def, no docstring, no comments, no tests, no prints).

Code:

def add(lst):
    """"""Given a non-empty list of integers lst. add the even elements that are at odd indices..


    Examples:
        add([4, 2, 6, 7]) ==> 2 
    """"""


Complete the function: 
",6.846432505250609,34,4.96609
1,10,512,0.0,1.0,40,40,"def parse_music(music_string: str) -> List[int]:
    return [4 if note == 'o' else 2 if note == 'o|' else 1 for note in music_string.split()]",0.1497269111111111,0.265093,"You are a code completion assistant. Read the following code and complete the function.
Output ONLY Python code for the function body (no def, no docstring, no comments, no tests, no prints).

Code:
from typing import List


def parse_music(music_string: str) -> List[int]:
    """""" Input to this function is a string representing musical notes in a special ASCII format.
    Your task is to parse this string and return list of integers corresponding to how many beats does each
    not last.

    Here is a legend:
    'o' - whole note, lasts four beats
    'o|' - half note, lasts two beats
    '.|' - quater note, lasts one beat

    >>> parse_music('o o| .| o| o| .| .| .| .| o o')
    [4, 2, 1, 2, 2, 1, 1, 1, 1, 4, 4]
    """"""


Complete the function: 
",6.678826087969639,45,6.737711
2,10,512,0.0,0.6666666666666666,6,4,number - int(number),0.18146166666666666,0.26579,"You are a code completion assistant. Read the following code and complete the function.
Output ONLY Python code for the function body (no def, no docstring, no comments, no tests, no prints).

Code:


def truncate_number(number: float) -> float:
    """""" Given a positive floating point number, it can be decomposed into
    and integer part (largest integer smaller than given number) and decimals
    (leftover part always smaller than 1).

    Return the decimal part of the number.
    >>> truncate_number(3.5)
    0.5
    """"""


Complete the function: 
",5.510805771650578,6,1.08877
3,10,512,0.0,1.0,90,90,"def fibfib(n: int):
    if n == 0:
        return 0
    elif n == 1:
        return 0
    elif n == 2:
        return 1
    else:
        a, b, c = 0, 0, 1
        for _ in range(3, n + 1):
            a, b, c = b, c, a + b + c
        return c",0.16317421000000001,0.29462,"You are a code completion assistant. Read the following code and complete the function.
Output ONLY Python code for the function body (no def, no docstring, no comments, no tests, no prints).

Code:


def fibfib(n: int):
    """"""The FibFib number sequence is a sequence similar to the Fibbonacci sequnece that's defined as follows:
    fibfib(0) == 0
    fibfib(1) == 0
    fibfib(2) == 1
    fibfib(n) == fibfib(n-1) + fibfib(n-2) + fibfib(n-3).
    Please write a function to efficiently compute the n-th element of the fibfib number sequence.
    >>> fibfib(1)
    0
    >>> fibfib(5)
    4
    >>> fibfib(8)
    24
    """"""


Complete the function: 
",6.128419435890022,100,16.317421
4,10,512,0.0,1.0,44,44,"```python
count = 0
for i in range(n):
    if i % 11 == 0 or i % 13 == 0:
        count += str(i).count('7')
return count
```",0.16432386,0.303913,"You are a code completion assistant. Read the following code and complete the function.
Output ONLY Python code for the function body (no def, no docstring, no comments, no tests, no prints).

Code:


def fizz_buzz(n: int):
    """"""Return the number of times the digit 7 appears in integers less than n which are divisible by 11 or 13.
    >>> fizz_buzz(50)
    0
    >>> fizz_buzz(78)
    2
    >>> fizz_buzz(79)
    3
    """"""


Complete the function: 
",6.085543511453541,50,8.216192999999999
5,10,512,0.0,1.0,100,100,"def fib4(n: int):
    if n == 0 or n == 1:
        return 0
    if n == 2:
        return 2
    if n == 3:
        return 0
    a, b, c, d = 0, 0, 2, 0
    for _ in range(4, n + 1):
        a, b, c, d = b, c, d, a + b + c + d
    return d",0.16360406306306305,0.301281,"You are a code completion assistant. Read the following code and complete the function.
Output ONLY Python code for the function body (no def, no docstring, no comments, no tests, no prints).

Code:


def fib4(n: int):
    """"""The Fib4 number sequence is a sequence similar to the Fibbonacci sequnece that's defined as follows:
    fib4(0) -> 0
    fib4(1) -> 0
    fib4(2) -> 2
    fib4(3) -> 0
    fib4(n) -> fib4(n-1) + fib4(n-2) + fib4(n-3) + fib4(n-4).
    Please write a function to efficiently compute the n-th element of the fib4 number sequence.  Do not use recursion.
    >>> fib4(5)
    4
    >>> fib4(6)
    8
    >>> fib4(7)
    14
    """"""


Complete the function: 
",6.1123176361123654,111,18.160051
6,10,512,0.0,0.9375,16,15,return [s for s in strings if substring in s],0.17361255555555555,0.26458499999999996,"You are a code completion assistant. Read the following code and complete the function.
Output ONLY Python code for the function body (no def, no docstring, no comments, no tests, no prints).

Code:
from typing import List


def filter_by_substring(strings: List[str], substring: str) -> List[str]:
    """""" Filter an input list of strings only for ones that contain given substring
    >>> filter_by_substring([], 'a')
    []
    >>> filter_by_substring(['abc', 'bacd', 'cde', 'array'], 'a')
    ['abc', 'bacd', 'array']
    """"""


Complete the function: 
",5.759952077198718,18,3.1250259999999996
7,10,512,0.0,1.0,30,30,"```python
return [sorted(l[i] for i in range(0, len(l), 2)), l[1::2]][1]
```",0.13049152941176473,0.21751099999999998,"You are a code completion assistant. Read the following code and complete the function.
Output ONLY Python code for the function body (no def, no docstring, no comments, no tests, no prints).

Code:


def sort_even(l: list):
    """"""This function takes a list l and returns a list l' such that
    l' is identical to l in the odd indicies, while its values at the even indicies are equal
    to the values of the even indicies of l, but sorted.
    >>> sort_even([1, 2, 3])
    [1, 2, 3]
    >>> sort_even([5, 6, 3, 4])
    [3, 6, 5, 4]
    """"""


Complete the function: 
",7.6633326661726064,34,4.436712000000001
8,10,512,0.0,1.0,54,54,"def vowels_count(s):
    count = 0
    s = s.lower()
    for char in s:
        if char in 'aeiou':
            count += 1
    if s[-1] == 'y':
        count += 1
    return count",0.144174868852459,0.32590399999999997,"You are a code completion assistant. Read the following code and complete the function.
Output ONLY Python code for the function body (no def, no docstring, no comments, no tests, no prints).

Code:

FIX = """"""
Add more test cases.
""""""

def vowels_count(s):
    """"""Write a function vowels_count which takes a string representing
    a word as input and returns the number of vowels in the string.
    Vowels in this case are 'a', 'e', 'i', 'o', 'u'. Here, 'y' is also a
    vowel, but only when it is at the end of the given word.

    Example:
    >>> vowels_count(""abcde"")
    2
    >>> vowels_count(""ACEDY"")
    3
    """"""


Complete the function: 
",6.936021568525563,61,8.794666999999999
9,10,512,0.0,1.0,4,4,return max(l),0.11301533333333333,0.23741800000000002,"You are a code completion assistant. Read the following code and complete the function.
Output ONLY Python code for the function body (no def, no docstring, no comments, no tests, no prints).

Code:


def max_element(l: list):
    """"""Return maximum element in the list.
    >>> max_element([1, 2, 3])
    3
    >>> max_element([5, 3, -5, 2, -3, 3, 9, 0, 123, 1, -10])
    123
    """"""


Complete the function: 
",8.848356860131075,6,0.678092
10,10,512,0.0,0.8888888888888888,36,32,"def starts_one_ends(n):
    if n == 1:
        return 1
    return 2 * (10 ** (n - 1)) - 2",0.13222059459459462,0.28258999999999995,"You are a code completion assistant. Read the following code and complete the function.
Output ONLY Python code for the function body (no def, no docstring, no comments, no tests, no prints).

Code:

def starts_one_ends(n):
    """"""
    Given a positive integer n, return the count of the numbers of n-digit
    positive integers that start or end with 1.
    """"""


Complete the function: 
",7.563118310472957,37,4.892162
11,10,512,0.0,1.0,25,25,"def decimal_to_binary(decimal):
    binary = bin(decimal)[2:]
    return f""db{binary}db""",0.12156668965517242,0.204652,"You are a code completion assistant. Read the following code and complete the function.
Output ONLY Python code for the function body (no def, no docstring, no comments, no tests, no prints).

Code:

def decimal_to_binary(decimal):
    """"""You will be given a number in decimal form and your task is to convert it to
    binary format. The function should return a string, with each character representing a binary
    number. Each character in the string will be '0' or '1'.

    There will be an extra couple of characters 'db' at the beginning and at the end of the string.
    The extra characters are there to help with the format.

    Examples:
    decimal_to_binary(15)   # returns ""db1111db""
    decimal_to_binary(32)   # returns ""db100000db""
    """"""


Complete the function: 
",8.225937572508801,29,3.525434
12,10,512,0.0,0.9791666666666666,48,47,"def strange_sort_list(lst):
    sorted_lst = sorted(lst)
    result = []
    while sorted_lst:
        result.append(sorted_lst.pop(0))
        if sorted_lst:
            result.append(sorted_lst.pop(-1))
    return result",0.1259004814814815,0.22927899999999998,"You are a code completion assistant. Read the following code and complete the function.
Output ONLY Python code for the function body (no def, no docstring, no comments, no tests, no prints).

Code:

def strange_sort_list(lst):
    '''
    Given list of integers, return list in strange order.
    Strange sorting, is when you start with the minimum value,
    then maximum of the remaining integers, then minimum and so on.

    Examples:
    strange_sort_list([1, 2, 3, 4]) == [1, 4, 2, 3]
    strange_sort_list([5, 5, 5, 5]) == [5, 5, 5, 5]
    strange_sort_list([]) == []
    '''


Complete the function: 
",7.942781379649358,54,6.7986260000000005
13,10,512,0.0,1.0,35,35,"def next_smallest(lst):
    unique_elements = sorted(set(lst))
    if len(unique_elements) < 2:
        return None
    return unique_elements[1]",0.11828040000000001,0.216695,"You are a code completion assistant. Read the following code and complete the function.
Output ONLY Python code for the function body (no def, no docstring, no comments, no tests, no prints).

Code:

def next_smallest(lst):
    """"""
    You are given a list of integers.
    Write a function next_smallest() that returns the 2nd smallest element of the list.
    Return None if there is no such element.
    
    next_smallest([1, 2, 3, 4, 5]) == 2
    next_smallest([5, 1, 4, 3, 2]) == 2
    next_smallest([]) == None
    next_smallest([1, 1]) == None
    """"""


Complete the function: 
",8.45448611942469,40,4.731216000000001
14,10,512,0.0,0.9615384615384616,26,25,"def will_it_fly(q, w):
    return q == q[::-1] and sum(q) <= w",0.1237403448275862,0.201298,"You are a code completion assistant. Read the following code and complete the function.
Output ONLY Python code for the function body (no def, no docstring, no comments, no tests, no prints).

Code:

def will_it_fly(q,w):
    '''
    Write a function that returns True if the object q will fly, and False otherwise.
    The object q will fly if it's balanced (it is a palindromic list) and the sum of its elements is less than or equal the maximum possible weight w.

    Example:
    will_it_fly([1, 2], 5) ➞ False 
    # 1+2 is less than the maximum possible weight, but it's unbalanced.

    will_it_fly([3, 2, 3], 1) ➞ False
    # it's balanced, but 3+2+3 is more than the maximum possible weight.

    will_it_fly([3, 2, 3], 9) ➞ True
    # 3+2+3 is less than the maximum possible weight, and it's balanced.

    will_it_fly([3], 5) ➞ True
    # 3 is less than the maximum possible weight, and it's balanced.
    '''


Complete the function: 
",8.081438607540262,29,3.5884699999999996
15,10,512,0.0,1.0,6,6,s.split(),0.11562824999999999,0.230453,"You are a code completion assistant. Read the following code and complete the function.
Output ONLY Python code for the function body (no def, no docstring, no comments, no tests, no prints).

Code:

def words_string(s):
    """"""
    You will be given a string of words separated by commas or spaces. Your task is
    to split the string into words and return an array of the words.
    
    For example:
    words_string(""Hi, my name is John"") == [""Hi"", ""my"", ""name"", ""is"", ""John""]
    words_string(""One, two, three, four, five, six"") == [""One"", ""two"", ""three"", ""four"", ""five"", ""six""]
    """"""


Complete the function: 
",8.648405558330253,8,0.9250259999999999
16,10,512,0.0,1.0,60,60,"def make_a_pile(n):
    levels = []
    current_stones = n
    for i in range(n):
        levels.append(current_stones)
        if current_stones % 2 == 0:
            current_stones += 2
        else:
            current_stones += 2
    return levels",0.1181251791044776,0.211801,"You are a code completion assistant. Read the following code and complete the function.
Output ONLY Python code for the function body (no def, no docstring, no comments, no tests, no prints).

Code:

def make_a_pile(n):
    """"""
    Given a positive integer n, you have to make a pile of n levels of stones.
    The first level has n stones.
    The number of stones in the next level is:
        - the next odd number if n is odd.
        - the next even number if n is even.
    Return the number of stones in each level in a list, where element at index
    i represents the number of stones in the level (i+1).

    Examples:
    >>> make_a_pile(3)
    [3, 5, 7]
    """"""


Complete the function: 
",8.465595629832102,67,7.914387
17,10,512,0.0,1.0,40,40,"def circular_shift(x, shift):
    s = str(x)
    n = len(s)
    if shift >= n:
        return s[::-1]
    return s[-shift:] + s[:-shift]",0.11713664444444445,0.248361,"You are a code completion assistant. Read the following code and complete the function.
Output ONLY Python code for the function body (no def, no docstring, no comments, no tests, no prints).

Code:

def circular_shift(x, shift):
    """"""Circular shift the digits of the integer x, shift the digits right by shift
    and return the result as a string.
    If shift > number of digits, return digits reversed.
    >>> circular_shift(12, 1)
    ""21""
    >>> circular_shift(12, 2)
    ""12""
    """"""


Complete the function: 
",8.53703812963739,45,5.271149
18,10,512,0.0,1.0,38,38,"```python
result = []
current_max = numbers[0]
for number in numbers:
    if number > current_max:
        current_max = number
    result.append(current_max)
```",0.11862379069767442,0.22111,"You are a code completion assistant. Read the following code and complete the function.
Output ONLY Python code for the function body (no def, no docstring, no comments, no tests, no prints).

Code:
from typing import List, Tuple


def rolling_max(numbers: List[int]) -> List[int]:
    """""" From a given list of integers, generate a list of rolling maximum element found until given moment
    in the sequence.
    >>> rolling_max([1, 2, 3, 2, 3, 4, 2])
    [1, 2, 3, 3, 3, 4, 4]
    """"""


Complete the function: 
",8.430012176466425,43,5.100823
19,10,512,0.0,0.9375,16,15,return [s for s in strings if s.startswith(prefix)],0.12685972222222222,0.204338,"You are a code completion assistant. Read the following code and complete the function.
Output ONLY Python code for the function body (no def, no docstring, no comments, no tests, no prints).

Code:
from typing import List


def filter_by_prefix(strings: List[str], prefix: str) -> List[str]:
    """""" Filter an input list of strings only for ones that start with a given prefix.
    >>> filter_by_prefix([], 'a')
    []
    >>> filter_by_prefix(['abc', 'bcd', 'cde', 'array'], 'a')
    ['abc', 'array']
    """"""


Complete the function: 
",7.8827226048018915,18,2.2834749999999997
20,10,512,0.0,1.0,10,10,return len(set(string.lower())),0.12212692307692308,0.201598,"You are a code completion assistant. Read the following code and complete the function.
Output ONLY Python code for the function body (no def, no docstring, no comments, no tests, no prints).

Code:


def count_distinct_characters(string: str) -> int:
    """""" Given a string, find out how many distinct characters (regardless of case) does it consist of
    >>> count_distinct_characters('xyzXYZ')
    3
    >>> count_distinct_characters('Jerry')
    4
    """"""


Complete the function: 
",8.188202689509652,13,1.58765
21,10,512,0.0,0.9875,80,79,"def count_up_to(n):
    def is_prime(num):
        if num < 2:
            return False
        for i in range(2, int(num**0.5) + 1):
            if num % i == 0:
                return False
        return True
    
    primes = []
    for i in range(2, n):
        if is_prime(i):
            primes.append(i)
    return primes",0.11987811363636364,0.21268299999999998,"You are a code completion assistant. Read the following code and complete the function.
Output ONLY Python code for the function body (no def, no docstring, no comments, no tests, no prints).

Code:

def count_up_to(n):
    """"""Implement a function that takes an non-negative integer and returns an array of the first n
    integers that are prime numbers and less than n.
    for example:
    count_up_to(5) => [2,3]
    count_up_to(11) => [2,3,5,7]
    count_up_to(0) => []
    count_up_to(20) => [2,3,5,7,11,13,17,19]
    count_up_to(1) => []
    count_up_to(18) => [2,3,5,7,11,13,17]
    """"""


Complete the function: 
",8.341806270270354,88,10.549273999999999
22,10,512,0.0,0.9848484848484849,66,65,"```python
i = 0
n = len(nums)
min_sum = float('inf')
for j in range(n):
    min_sum = min(min_sum, sum(nums[i:j+1]))
    if sum(nums[i:j+1]) > 0:
        i = j + 1
return min_sum
```",0.15076020547945204,0.20702099999999998,"You are a code completion assistant. Read the following code and complete the function.
Output ONLY Python code for the function body (no def, no docstring, no comments, no tests, no prints).

Code:

def minSubArraySum(nums):
    """"""
    Given an array of integers nums, find the minimum sum of any non-empty sub-array
    of nums.
    Example
    minSubArraySum([2, 3, 4, 1, 2, 4]) == 1
    minSubArraySum([-1, -2, -3]) == -6
    """"""


Complete the function: 
",6.633050126323259,73,11.005495000000002
23,10,512,0.0,1.0,50,50,"def is_bored(S):
    count = 0
    sentences = S.split('. ') + S.split('? ') + S.split('! ')
    for sentence in sentences:
        if sentence.strip().startswith('I '):
            count += 1
    return count",0.13751958928571428,0.24814,"You are a code completion assistant. Read the following code and complete the function.
Output ONLY Python code for the function body (no def, no docstring, no comments, no tests, no prints).

Code:

def is_bored(S):
    """"""
    You'll be given a string of words, and your task is to count the number
    of boredoms. A boredom is a sentence that starts with the word ""I"".
    Sentences are delimited by '.', '?' or '!'.
   
    For example:
    >>> is_bored(""Hello world"")
    0
    >>> is_bored(""The sky is blue. The sun is shining. I love this weather"")
    1
    """"""


Complete the function: 
",7.27169129281192,56,7.701097
24,10,512,0.0,1.0,4,4,return ''.join(strings),0.11899883333333333,0.229745,"You are a code completion assistant. Read the following code and complete the function.
Output ONLY Python code for the function body (no def, no docstring, no comments, no tests, no prints).

Code:
from typing import List


def concatenate(strings: List[str]) -> str:
    """""" Concatenate list of strings into a single string
    >>> concatenate([])
    ''
    >>> concatenate(['a', 'b', 'c'])
    'abc'
    """"""


Complete the function: 
",8.403443731241062,6,0.7139930000000001
25,10,512,0.0,1.0,33,33,"```python
if n > m:
    -1
else:
    avg = round((n + m) / 2)
    bin(avg)[2:]
```",0.15189368421052632,0.229198,"You are a code completion assistant. Read the following code and complete the function.
Output ONLY Python code for the function body (no def, no docstring, no comments, no tests, no prints).

Code:

def rounded_avg(n, m):
    """"""You are given two positive integers n and m, and your task is to compute the
    average of the integers from n through m (including n and m). 
    Round the answer to the nearest integer and convert that to binary.
    If n is greater than m, return -1.
    Example:
    rounded_avg(1, 5) => ""0b11""
    rounded_avg(7, 5) => -1
    rounded_avg(10, 20) => ""0b1111""
    rounded_avg(20, 33) => ""0b11010""
    """"""


Complete the function: 
",6.5835522075690065,38,5.77196
26,10,512,0.0,1.0,19,19,"```python
return n * (n + 1) // 2
```",0.12153918181818181,0.23458500000000002,"You are a code completion assistant. Read the following code and complete the function.
Output ONLY Python code for the function body (no def, no docstring, no comments, no tests, no prints).

Code:


def sum_to_n(n: int):
    """"""sum_to_n is a function that sums numbers from 1 to n.
    >>> sum_to_n(30)
    465
    >>> sum_to_n(100)
    5050
    >>> sum_to_n(5)
    15
    >>> sum_to_n(10)
    55
    >>> sum_to_n(1)
    1
    """"""


Complete the function: 
",8.227799340429685,22,2.673862
27,10,512,0.0,1.0,125,125,"def is_multiply_prime(a):
    def is_prime(n):
        if n < 2:
            return False
        for i in range(2, int(n**0.5) + 1):
            if n % i == 0:
                return False
        return True
    
    primes = [i for i in range(2, 100) if is_prime(i)]
    prime_combinations = []
    for i in primes:
        for j in primes:
            for k in primes:
                if i * j * k == a:
                    prime_combinations.append((i, j, k))
    return len(prime_combinations) > 0",0.12584928057553957,0.318024,"You are a code completion assistant. Read the following code and complete the function.
Output ONLY Python code for the function body (no def, no docstring, no comments, no tests, no prints).

Code:

def is_multiply_prime(a):
    """"""Write a function that returns true if the given number is the multiplication of 3 prime numbers
    and false otherwise.
    Knowing that (a) is less then 100. 
    Example:
    is_multiply_prime(30) == True
    30 = 2 * 3 * 5
    """"""


Complete the function: 
",7.9460128451013405,139,17.49305
28,10,512,0.0,0.975,40,39,"def string_xor(a: str, b: str) -> str:
    result = ''.join(str(int(a[i]) ^ int(b[i])) for i in range(len(a)))
    return result",0.12657653333333335,0.211283,"You are a code completion assistant. Read the following code and complete the function.
Output ONLY Python code for the function body (no def, no docstring, no comments, no tests, no prints).

Code:
from typing import List


def string_xor(a: str, b: str) -> str:
    """""" Input are two strings a and b consisting only of 1s and 0s.
    Perform binary XOR on these inputs and return result also as a string.
    >>> string_xor('010', '110')
    '100'
    """"""


Complete the function: 
",7.900358570941006,45,5.695944000000001
29,10,512,0.0,1.0,20,20,"```python
''.join([char for char in text if char not in 'aeiouAEIOU'])
```",0.11790362499999998,0.21068299999999998,"You are a code completion assistant. Read the following code and complete the function.
Output ONLY Python code for the function body (no def, no docstring, no comments, no tests, no prints).

Code:


def remove_vowels(text):
    """"""
    remove_vowels is a function that takes string and returns string without vowels.
    >>> remove_vowels('')
    ''
    >>> remove_vowels(""abcdef\nghijklm"")
    'bcdf\nghjklm'
    >>> remove_vowels('abcdef')
    'bcdf'
    >>> remove_vowels('aaaaa')
    ''
    >>> remove_vowels('aaBAA')
    'B'
    >>> remove_vowels('zbcd')
    'zbcd'
    """"""


Complete the function: 
",8.481503431298233,24,2.829687
30,10,512,0.0,1.0,30,30,"def count_nums(arr):
    return sum([1 for x in arr if sum(int(d) for d in str(x).lstrip('-')) > 0])",0.13565011764705884,0.257075,"You are a code completion assistant. Read the following code and complete the function.
Output ONLY Python code for the function body (no def, no docstring, no comments, no tests, no prints).

Code:

def count_nums(arr):
    """"""
    Write a function count_nums which takes an array of integers and returns
    the number of elements which has a sum of digits > 0.
    If a number is negative, then its first signed digit will be negative:
    e.g. -123 has signed digits -1, 2, and 3.
    >>> count_nums([]) == 0
    >>> count_nums([-1, 11, -11]) == 1
    >>> count_nums([1, 1, 2]) == 3
    """"""


Complete the function: 
",7.371906617890663,34,4.612104
31,10,512,0.0,1.0,53,53,"def prime_length(string):
    length = len(string)
    if length < 2:
        return False
    for i in range(2, int(length**0.5) + 1):
        if length % i == 0:
            return False
    return True",0.13225141666666668,0.223415,"You are a code completion assistant. Read the following code and complete the function.
Output ONLY Python code for the function body (no def, no docstring, no comments, no tests, no prints).

Code:

def prime_length(string):
    """"""Write a function that takes a string and returns True if the string
    length is a prime number or False otherwise
    Examples
    prime_length('Hello') == True
    prime_length('abcdcba') == True
    prime_length('kittens') == True
    prime_length('orange') == False
    """"""


Complete the function: 
",7.561355675459053,60,7.935085
32,10,512,0.0,1.0,59,59,"def select_words(s, n):
    words = s.split()
    result = []
    for word in words:
        consonants = sum(1 for char in word if char.lower() in 'bcdfghjklmnpqrstvwxyz')
        if consonants == n:
            result.append(word)
    return result",0.12269667164179104,0.212064,"You are a code completion assistant. Read the following code and complete the function.
Output ONLY Python code for the function body (no def, no docstring, no comments, no tests, no prints).

Code:

def select_words(s, n):
    """"""Given a string s and a natural number n, you have been tasked to implement 
    a function that returns a list of all words from string s that contain exactly 
    n consonants, in order these words appear in the string s.
    If the string s is empty then the function should return an empty list.
    Note: you may assume the input string contains only letters and spaces.
    Examples:
    select_words(""Mary had a little lamb"", 4) ==> [""little""]
    select_words(""Mary had a little lamb"", 3) ==> [""Mary"", ""lamb""]
    select_words(""simple white space"", 2) ==> []
    select_words(""Hello world"", 4) ==> [""world""]
    select_words(""Uncle sam"", 3) ==> [""Uncle""]
    """"""


Complete the function: 
",8.15018033186318,67,8.220677
33,10,512,0.0,1.0,40,40,"def change_base(x: int, base: int):
    result = ''
    while x > 0:
        result = str(x % base) + result
        x = x // base
    return result",0.12055473333333333,0.215409,"You are a code completion assistant. Read the following code and complete the function.
Output ONLY Python code for the function body (no def, no docstring, no comments, no tests, no prints).

Code:


def change_base(x: int, base: int):
    """"""Change numerical base of input number x to base.
    return string representation after the conversion.
    base numbers are less than 10.
    >>> change_base(8, 3)
    '22'
    >>> change_base(8, 2)
    '1000'
    >>> change_base(7, 2)
    '111'
    """"""


Complete the function: 
",8.294987449683989,45,5.424963
34,10,512,0.0,1.0,90,90,"def by_length(arr):
    result = [str(num) for num in arr if 1 <= num <= 9]
    result.sort()
    result.reverse()
    return [{""1"": ""One"", ""2"": ""Two"", ""3"": ""Three"", ""4"": ""Four"", ""5"": ""Five"", ""6"": ""Six"", ""7"": ""Seven"", ""8"": ""Eight"", ""9"": ""Nine""}[str(num)] for num in result]",0.1320923,0.22997900000000002,"You are a code completion assistant. Read the following code and complete the function.
Output ONLY Python code for the function body (no def, no docstring, no comments, no tests, no prints).

Code:

def by_length(arr):
    """"""
    Given an array of integers, sort the integers that are between 1 and 9 inclusive,
    reverse the resulting array, and then replace each digit by its corresponding name from
    ""One"", ""Two"", ""Three"", ""Four"", ""Five"", ""Six"", ""Seven"", ""Eight"", ""Nine"".

    For example:
      arr = [2, 1, 1, 4, 5, 8, 2, 3]   
            -> sort arr -> [1, 1, 2, 2, 3, 4, 5, 8] 
            -> reverse arr -> [8, 5, 4, 3, 2, 2, 1, 1]
      return [""Eight"", ""Five"", ""Four"", ""Three"", ""Two"", ""Two"", ""One"", ""One""]
    
      If the array is empty, return an empty array:
      arr = []
      return []
    
      If the array has any strange number ignore it:
      arr = [1, -1 , 55] 
            -> sort arr -> [-1, 1, 55]
            -> reverse arr -> [55, 1, -1]
      return = ['One']
    """"""


Complete the function: 
",7.5704639861672485,100,13.20923
35,10,512,0.0,1.0,18,18,"```python
l[::3] = sorted(l[::3])
```",0.12738609523809524,0.228791,"You are a code completion assistant. Read the following code and complete the function.
Output ONLY Python code for the function body (no def, no docstring, no comments, no tests, no prints).

Code:


def sort_third(l: list):
    """"""This function takes a list l and returns a list l' such that
    l' is identical to l in the indicies that are not divisible by three, while its values at the indicies that are divisible by three are equal
    to the values of the corresponding indicies of l, but sorted.
    >>> sort_third([1, 2, 3])
    [1, 2, 3]
    >>> sort_third([5, 6, 3, 4, 8, 9, 2])
    [2, 6, 3, 4, 8, 9, 5]
    """"""


Complete the function: 
",7.850150349070018,21,2.6751080000000003
36,10,512,0.0,1.0,12,12,"return ' '.join(map(str, range(n + 1)))",0.12026233333333333,0.211898,"You are a code completion assistant. Read the following code and complete the function.
Output ONLY Python code for the function body (no def, no docstring, no comments, no tests, no prints).

Code:


def string_sequence(n: int) -> str:
    """""" Return a string containing space-delimited numbers starting from 0 upto n inclusive.
    >>> string_sequence(0)
    '0'
    >>> string_sequence(5)
    '0 1 2 3 4 5'
    """"""


Complete the function: 
",8.315155479548876,15,1.8039349999999998
37,10,512,0.0,1.0,30,30,"def flip_case(string: str) -> str:
    return ''.join([char.lower() if char.isupper() else char.upper() for char in string])",0.12310514705882351,0.220455,"You are a code completion assistant. Read the following code and complete the function.
Output ONLY Python code for the function body (no def, no docstring, no comments, no tests, no prints).

Code:


def flip_case(string: str) -> str:
    """""" For a given string, flip lowercase characters to uppercase and uppercase to lowercase.
    >>> flip_case('Hello')
    'hELLO'
    """"""


Complete the function: 
",8.123137203371103,34,4.185575
38,10,512,0.0,1.0,18,18,"return [string[:i] for i in range(1, len(string)+1)]",0.12421052380952381,0.223595,"You are a code completion assistant. Read the following code and complete the function.
Output ONLY Python code for the function body (no def, no docstring, no comments, no tests, no prints).

Code:
from typing import List


def all_prefixes(string: str) -> List[str]:
    """""" Return list of all prefixes from shortest to longest of the input string
    >>> all_prefixes('abc')
    ['a', 'ab', 'abc']
    """"""


Complete the function: 
",8.0508476200736,21,2.608421
39,10,512,0.0,1.0,10,10,"return [value for value in values if isinstance(value, int)]",0.14659099999999997,0.21937299999999998,"You are a code completion assistant. Read the following code and complete the function.
Output ONLY Python code for the function body (no def, no docstring, no comments, no tests, no prints).

Code:
from typing import List, Any


def filter_integers(values: List[Any]) -> List[int]:
    """""" Filter given list of any python values only for integers
    >>> filter_integers(['a', 3.14, 5])
    [5]
    >>> filter_integers([1, 2, 3, 'abc', {}, []])
    [1, 2, 3]
    """"""


Complete the function: 
",6.82170119584422,14,2.0522739999999997
40,10,512,0.0,1.0,34,34,"def sort_array(arr):
    def count_ones(n):
        return bin(n).count('1')
    return sorted(arr, key=lambda x: (count_ones(x), x))",0.13211697435897435,0.205376,"You are a code completion assistant. Read the following code and complete the function.
Output ONLY Python code for the function body (no def, no docstring, no comments, no tests, no prints).

Code:

def sort_array(arr):
    """"""
    In this Kata, you have to sort an array of non-negative integers according to
    number of ones in their binary representation in ascending order.
    For similar number of ones, sort based on decimal value.

    It must be implemented like this:
    >>> sort_array([1, 5, 2, 3, 4]) == [1, 2, 3, 4, 5]
    >>> sort_array([-2, -3, -4, -5, -6]) == [-6, -5, -4, -3, -2]
    >>> sort_array([1, 0, 2, 3, 4]) [0, 1, 2, 3, 4]
    """"""


Complete the function: 
",7.569050115263049,39,5.152562
41,10,512,0.0,1.0,10,10,return all(x < t for x in l),0.14209933333333333,0.22911099999999998,"You are a code completion assistant. Read the following code and complete the function.
Output ONLY Python code for the function body (no def, no docstring, no comments, no tests, no prints).

Code:


def below_threshold(l: list, t: int):
    """"""Return True if all numbers in the list l are below threshold t.
    >>> below_threshold([1, 2, 4, 10], 100)
    True
    >>> below_threshold([1, 20, 4, 10], 5)
    False
    """"""


Complete the function: 
",7.0373306935523985,12,1.705192
42,10,512,0.0,0.9848484848484849,66,65,"def get_closest_vowel(word):
    vowels = ""aeiouAEIOU""
    for i in range(len(word)-2, -1, -1):
        if word[i] in vowels and word[i-1] not in vowels and word[i+1] not in vowels:
            return word[i]
    return """"",0.14613293243243242,0.239627,"You are a code completion assistant. Read the following code and complete the function.
Output ONLY Python code for the function body (no def, no docstring, no comments, no tests, no prints).

Code:

def get_closest_vowel(word):
    """"""You are given a word. Your task is to find the closest vowel that stands between 
    two consonants from the right side of the word (case sensitive).
    
    Vowels in the beginning and ending doesn't count. Return empty string if you didn't
    find any vowel met the above condition. 

    You may assume that the given string contains English letter only.

    Example:
    get_closest_vowel(""yogurt"") ==> ""u""
    get_closest_vowel(""FULL"") ==> ""U""
    get_closest_vowel(""quick"") ==> """"
    get_closest_vowel(""ab"") ==> """"
    """"""


Complete the function: 
",6.8430844666883734,74,10.813837
43,10,512,0.0,1.0,25,25,"```python
return any(a + b == 0 for i, a in enumerate(l) for b in l[i+1:])
```",0.21143737931034481,0.260596,"You are a code completion assistant. Read the following code and complete the function.
Output ONLY Python code for the function body (no def, no docstring, no comments, no tests, no prints).

Code:


def pairs_sum_to_zero(l):
    """"""
    pairs_sum_to_zero takes a list of integers as an input.
    it returns True if there are two distinct elements in the list that
    sum to zero, and False otherwise.
    >>> pairs_sum_to_zero([1, 3, 5, 0])
    False
    >>> pairs_sum_to_zero([1, 3, -2, 1])
    False
    >>> pairs_sum_to_zero([1, 2, 3, 7])
    False
    >>> pairs_sum_to_zero([2, 4, -5, 3, 5, 7])
    True
    >>> pairs_sum_to_zero([1])
    False
    """"""


Complete the function: 
",4.729532702598503,29,6.131684
44,10,512,0.0,0.9803921568627451,102,100,"def compare_one(a, b):
    if isinstance(a, str):
        a = a.replace(',', '.')
    if isinstance(b, str):
        b = b.replace(',', '.')
    a = float(a) if isinstance(a, (int, float)) else float(a.replace(',', '.'))
    b = float(b) if isinstance(b, (int, float)) else float(b.replace(',', '.'))
    if a == b:
        return None
    return max(a, b, key=lambda x: (isinstance(x, str), x))",0.13158937499999998,0.34194,"You are a code completion assistant. Read the following code and complete the function.
Output ONLY Python code for the function body (no def, no docstring, no comments, no tests, no prints).

Code:

def compare_one(a, b):
    """"""
    Create a function that takes integers, floats, or strings representing
    real numbers, and returns the larger variable in its given variable type.
    Return None if the values are equal.
    Note: If a real number is represented as a string, the floating point might be . or ,

    compare_one(1, 2.5) ➞ 2.5
    compare_one(1, ""2,3"") ➞ ""2,3""
    compare_one(""5,1"", ""6"") ➞ ""6""
    compare_one(""1"", 1) ➞ None
    """"""


Complete the function: 
",7.599397747728493,112,14.738010000000001
45,10,512,0.0,0.9523809523809523,21,20,"```python
return sum(ord(c) for c in s if c.isupper())
```",0.15706399999999998,0.242888,"You are a code completion assistant. Read the following code and complete the function.
Output ONLY Python code for the function body (no def, no docstring, no comments, no tests, no prints).

Code:

def digitSum(s):
    """"""Task
    Write a function that takes a string as input and returns the sum of the upper characters only'
    ASCII codes.

    Examples:
        digitSum("""") => 0
        digitSum(""abAB"") => 131
        digitSum(""abcCd"") => 67
        digitSum(""helloE"") => 69
        digitSum(""woArBld"") => 131
        digitSum(""aAaaaXa"") => 153
    """"""


Complete the function: 
",6.366831355371059,24,3.769536
46,10,512,0.0,1.0,94,94,"def exchange(lst1, lst2):
    for i in range(len(lst1)):
        if lst1[i] % 2 != 0:
            for j in range(len(lst2)):
                if lst2[j] % 2 == 0:
                    lst1[i], lst2[j] = lst2[j], lst1[i]
                    break
    for num in lst1:
        if num % 2 != 0:
            return ""NO""
    return ""YES""",0.1913649619047619,0.291663,"You are a code completion assistant. Read the following code and complete the function.
Output ONLY Python code for the function body (no def, no docstring, no comments, no tests, no prints).

Code:

def exchange(lst1, lst2):
    """"""In this problem, you will implement a function that takes two lists of numbers,
    and determines whether it is possible to perform an exchange of elements
    between them to make lst1 a list of only even numbers.
    There is no limit on the number of exchanged elements between lst1 and lst2.
    If it is possible to exchange elements between the lst1 and lst2 to make
    all the elements of lst1 to be even, return ""YES"".
    Otherwise, return ""NO"".
    For example:
    exchange([1, 2, 3, 4], [1, 2, 3, 4]) => ""YES""
    exchange([1, 2, 3, 4], [1, 5, 3, 4]) => ""NO""
    It is assumed that the input lists will be non-empty.
    """"""


Complete the function: 
",5.225617009751648,105,20.093321
47,10,512,0.0,0.9625,80,77,"def separate_paren_groups(paren_string: str) -> List[str]:
    stack = []
    result = []
    current = ''
    for char in paren_string.replace(' ', ''):
        if char == '(':
            stack.append(char)
            current += char
        elif char == ')':
            stack.pop()
            current += char
            if not stack:
                result.append(current)
                current = ''
    return result",0.15901856976744186,0.2352,"You are a code completion assistant. Read the following code and complete the function.
Output ONLY Python code for the function body (no def, no docstring, no comments, no tests, no prints).

Code:
from typing import List


def separate_paren_groups(paren_string: str) -> List[str]:
    """""" Input to this function is a string containing multiple groups of nested parentheses. Your goal is to
    separate those group into separate strings and return the list of those.
    Separate groups are balanced (each open brace is properly closed) and not nested within each other
    Ignore any spaces in the input string.
    >>> separate_paren_groups('( ) (( )) (( )( ))')
    ['()', '(())', '(()())']
    """"""


Complete the function: 
",6.288573727348064,86,13.675597
48,10,512,0.0,1.0,20,20,"```python
return txt and txt[-1].isalpha() and not txt[-2:].isspace()
```",0.23049473913043478,0.298323,"You are a code completion assistant. Read the following code and complete the function.
Output ONLY Python code for the function body (no def, no docstring, no comments, no tests, no prints).

Code:

def check_if_last_char_is_a_letter(txt):
    '''
    Create a function that returns True if the last character
    of a given string is an alphabetical character and is not
    a part of a word, and False otherwise.
    Note: ""word"" is a group of characters separated by space.

    Examples:
    check_if_last_char_is_a_letter(""apple pie"") ➞ False
    check_if_last_char_is_a_letter(""apple pi e"") ➞ True
    check_if_last_char_is_a_letter(""apple pi e "") ➞ False
    check_if_last_char_is_a_letter("""") ➞ False 
    '''


Complete the function: 
",4.3384938145339165,23,5.301379
49,10,512,0.0,1.0,17,17,"```python
return sum([int(x)**2 for x in lst])
```",0.17072194999999998,0.266309,"You are a code completion assistant. Read the following code and complete the function.
Output ONLY Python code for the function body (no def, no docstring, no comments, no tests, no prints).

Code:


def sum_squares(lst):
    """"""You are given a list of numbers.
    You need to return the sum of squared numbers in the given list,
    round each element in the list to the upper int(Ceiling) first.
    Examples:
    For lst = [1,2,3] the output should be 14
    For lst = [1,4,9] the output should be 98
    For lst = [1,3,5,7] the output should be 84
    For lst = [1.4,4.2,0] the output should be 29
    For lst = [-2.4,1,1] the output should be 6
    

    """"""


Complete the function: 
",5.857477611988382,20,3.414439
50,10,512,0.0,1.0,57,57,"def closest_integer(value):
    num = float(value)
    if num - int(num) == 0.5 or int(num) - num == 0.5:
        return int(num) + 1 if num > 0 else int(num) - 1
    return round(num)",0.12522646875,0.207089,"You are a code completion assistant. Read the following code and complete the function.
Output ONLY Python code for the function body (no def, no docstring, no comments, no tests, no prints).

Code:

def closest_integer(value):
    '''
    Create a function that takes a value (string) representing a number
    and returns the closest integer to it. If the number is equidistant
    from two integers, round it away from zero.

    Examples
    >>> closest_integer(""10"")
    10
    >>> closest_integer(""15.3"")
    15

    Note:
    Rounding away from zero means that if the given number is equidistant
    from two integers, the one you should return is the one that is the
    farthest from zero. For example closest_integer(""14.5"") should
    return 15 and closest_integer(""-14.5"") should return -15.
    '''


Complete the function: 
",7.985532212014882,64,8.014494
51,10,512,0.0,1.0,30,30,"def unique_digits(x):
    return sorted([num for num in x if all(digit in '13579' for digit in str(num))])",0.13122573529411763,0.24331899999999998,"You are a code completion assistant. Read the following code and complete the function.
Output ONLY Python code for the function body (no def, no docstring, no comments, no tests, no prints).

Code:

def unique_digits(x):
    """"""Given a list of positive integers x. return a sorted list of all 
    elements that hasn't any even digit.

    Note: Returned list should be sorted in increasing order.
    
    For example:
    >>> unique_digits([15, 33, 1422, 1])
    [1, 15, 33]
    >>> unique_digits([152, 323, 1422, 10])
    []
    """"""


Complete the function: 
",7.620456442927824,34,4.4616750000000005
52,10,512,0.0,1.0,22,22,"```python
return sorted([i for i in arr if i >= max(arr[:k])])[-k:]
```",0.15325346153846156,0.225899,"You are a code completion assistant. Read the following code and complete the function.
Output ONLY Python code for the function body (no def, no docstring, no comments, no tests, no prints).

Code:

def maximum(arr, k):
    """"""
    Given an array arr of integers and a positive integer k, return a sorted list 
    of length k with the maximum k numbers in arr.

    Example 1:

        Input: arr = [-3, -4, 5], k = 3
        Output: [-4, -3, 5]

    Example 2:

        Input: arr = [4, -4, 4], k = 2
        Output: [4, 4]

    Example 3:

        Input: arr = [-3, 2, 1, 2, -1, -2, 1], k = 1
        Output: [2]

    Note:
        1. The length of the array will be in the range of [1, 1000].
        2. The elements in the array will be in the range of [-1000, 1000].
        3. 0 <= k <= len(arr)
    """"""


Complete the function: 
",6.525138094509097,26,3.9845900000000003
53,10,512,0.0,1.0,93,93,"def sort_numbers(numbers: str) -> str:
    num_dict = {'zero': 0, 'one': 1, 'two': 2, 'three': 3, 'four': 4, 'five': 5, 'six': 6, 'seven': 7, 'eight': 8, 'nine': 9}
    nums = numbers.split()
    sorted_nums = sorted(nums, key=lambda x: num_dict[x])
    return ' '.join(sorted_nums)",0.16938815384615385,0.230956,"You are a code completion assistant. Read the following code and complete the function.
Output ONLY Python code for the function body (no def, no docstring, no comments, no tests, no prints).

Code:
from typing import List


def sort_numbers(numbers: str) -> str:
    """""" Input is a space-delimited string of numberals from 'zero' to 'nine'.
    Valid choices are 'zero', 'one', 'two', 'three', 'four', 'five', 'six', 'seven', 'eight' and 'nine'.
    Return the string with numbers sorted from smallest to largest
    >>> sort_numbers('three one five')
    'one three five'
    """"""


Complete the function: 
",5.90360056056958,104,17.616367999999998
54,10,512,0.0,1.0,49,49,"```python
l.sort()
n = len(l)
if n % 2 == 0:
    return (l[n//2 - 1] + l[n//2]) / 2
else:
    return l[n//2]
```",0.1717539818181818,0.264755,"You are a code completion assistant. Read the following code and complete the function.
Output ONLY Python code for the function body (no def, no docstring, no comments, no tests, no prints).

Code:


def median(l: list):
    """"""Return median of elements in the list l.
    >>> median([3, 1, 2, 4, 5])
    3
    >>> median([-10, 4, 6, 1000, 10, 20])
    15.0
    """"""


Complete the function: 
",5.82228132014195,55,9.446468999999999
55,10,512,0.0,1.0,47,47,"```python
i = 2
while i * i <= n:
    if n % i:
        i += 1
    else:
        n //= i
if n > 1:
    i = n
i
```",0.14450032075471697,0.232172,"You are a code completion assistant. Read the following code and complete the function.
Output ONLY Python code for the function body (no def, no docstring, no comments, no tests, no prints).

Code:


def largest_prime_factor(n: int):
    """"""Return the largest prime factor of n. Assume n > 1 and is not a prime.
    >>> largest_prime_factor(13195)
    29
    >>> largest_prime_factor(2048)
    2
    """"""


Complete the function: 
",6.920399863315575,53,7.658517
56,10,512,0.0,0.8636363636363636,44,38,"def find_zero(xs: list):
    a = xs[0]
    b = xs[1]
    if a == 0:
        return -b / xs[2]
    return -b / a",0.21925454545454548,0.229983,"You are a code completion assistant. Read the following code and complete the function.
Output ONLY Python code for the function body (no def, no docstring, no comments, no tests, no prints).

Code:
import math


def poly(xs: list, x: float):
    """"""
    Evaluates polynomial with coefficients xs at point x.
    return xs[0] + xs[1] * x + xs[1] * x^2 + .... xs[n] * x^n
    """"""
    return sum([coeff * math.pow(x, i) for i, coeff in enumerate(xs)])


def find_zero(xs: list):
    """""" xs are coefficients of a polynomial.
    find_zero find x such that poly(x) = 0.
    find_zero returns only only zero point, even if there are many.
    Moreover, find_zero only takes list xs having even number of coefficients
    and largest non zero coefficient as it guarantees
    a solution.
    >>> round(find_zero([1, 2]), 2) # f(x) = 1 + 2x
    -0.5
    >>> round(find_zero([-6, 11, -6, 1]), 2) # (x - 1) * (x - 2) * (x - 3) = -6 + 11x - 6x^2 + x^3
    1.0
    """"""


Complete the function: 
",4.5609088647483205,44,9.647200000000002
57,10,512,0.0,1.0,85,85,"def words_in_sentence(sentence):
    def is_prime(n):
        if n < 2:
            return False
        for i in range(2, int(n**0.5) + 1):
            if n % i == 0:
                return False
        return True

    words = sentence.split()
    result = []
    for word in words:
        if is_prime(len(word)):
            result.append(word)
    return ' '.join(result)",0.1740464210526316,0.242042,"You are a code completion assistant. Read the following code and complete the function.
Output ONLY Python code for the function body (no def, no docstring, no comments, no tests, no prints).

Code:

def words_in_sentence(sentence):
    """"""
    You are given a string representing a sentence,
    the sentence contains some words separated by a space,
    and you have to return a string that contains the words from the original sentence,
    whose lengths are prime numbers,
    the order of the words in the new string should be the same as the original one.

    Example 1:
        Input: sentence = ""This is a test""
        Output: ""is""

    Example 2:
        Input: sentence = ""lets go for swimming""
        Output: ""go for""

    Constraints:
        * 1 <= len(sentence) <= 100
        * sentence contains only letters
    """"""


Complete the function: 
",5.745593583321087,95,16.53441
58,10,512,0.0,1.0,30,30,"def order_by_points(nums):
    return sorted(nums, key=lambda x: (sum(int(d) for d in str(abs(x))), nums.index(x)))",0.13526155882352942,0.566886,"You are a code completion assistant. Read the following code and complete the function.
Output ONLY Python code for the function body (no def, no docstring, no comments, no tests, no prints).

Code:

def order_by_points(nums):
    """"""
    Write a function which sorts the given list of integers
    in ascending order according to the sum of their digits.
    Note: if there are several items with similar sum of their digits,
    order them based on their index in original list.

    For example:
    >>> order_by_points([1, 11, -1, -11, -12]) == [-1, -11, 1, -12, 11]
    >>> order_by_points([]) == []
    """"""


Complete the function: 
",7.393083509444556,34,4.598893
59,10,512,0.0,1.0,75,75,"def match_parens(lst):
    for i in range(2):
        stack = []
        balanced = True
        for char in lst[i]:
            if char == '(':
                stack.append(char)
            else:
                if not stack:
                    balanced = False
                    break
                stack.pop()
        if balanced and not stack:
            return 'Yes'
    return 'No'",0.14780417857142855,0.25339,"You are a code completion assistant. Read the following code and complete the function.
Output ONLY Python code for the function body (no def, no docstring, no comments, no tests, no prints).

Code:

def match_parens(lst):
    '''
    You are given a list of two strings, both strings consist of open
    parentheses '(' or close parentheses ')' only.
    Your job is to check if it is possible to concatenate the two strings in
    some order, that the resulting string will be good.
    A string S is considered to be good if and only if all parentheses in S
    are balanced. For example: the string '(())()' is good, while the string
    '())' is not.
    Return 'Yes' if there's a way to make a good string, and return 'No' otherwise.

    Examples:
    match_parens(['()(', ')']) == 'Yes'
    match_parens([')', ')']) == 'No'
    '''


Complete the function: 
",6.765708585949992,84,12.415550999999999
60,10,512,0.0,1.0,29,29,"```python
return sum(num for i, num in enumerate(lst) if i % 2 == 0 and num % 2 == 1)
```",0.19089130303030302,0.34672000000000003,"You are a code completion assistant. Read the following code and complete the function.
Output ONLY Python code for the function body (no def, no docstring, no comments, no tests, no prints).

Code:

def solution(lst):
    """"""Given a non-empty list of integers, return the sum of all of the odd elements that are in even positions.
    

    Examples
    solution([5, 8, 7, 1]) ==> 12
    solution([3, 3, 3, 3, 3]) ==> 9
    solution([30, 13, 24, 321]) ==>0
    """"""


Complete the function: 
",5.238583341019235,33,6.2994129999999995
61,10,512,0.0,1.0,16,16,"```python
numbers.sort()
return (numbers[0], numbers[1])
```",0.1382331578947368,0.241428,"You are a code completion assistant. Read the following code and complete the function.
Output ONLY Python code for the function body (no def, no docstring, no comments, no tests, no prints).

Code:
from typing import List, Tuple


def find_closest_elements(numbers: List[float]) -> Tuple[float, float]:
    """""" From a supplied list of numbers (of length at least two) select and return two that are the closest to each
    other and return them in order (smaller number, larger number).
    >>> find_closest_elements([1.0, 2.0, 3.0, 4.0, 5.0, 2.2])
    (2.0, 2.2)
    >>> find_closest_elements([1.0, 2.0, 3.0, 4.0, 5.0, 2.0])
    (2.0, 2.0)
    """"""


Complete the function: 
",7.234154346394155,19,2.62643
62,10,512,0.0,1.0,109,109,"def encode(message):
    vowels = ""aeiou""
    result = """"
    for char in message:
        if char.lower() in vowels:
            if char.islower():
                result += chr((ord(char) - ord('a') + 2) % 26 + ord('a'))
            else:
                result += chr((ord(char) - ord('A') + 2) % 26 + ord('A'))
        else:
            if char.islower():
                result += char.upper()
            else:
                result += char.lower()
    return result",0.16901902479338843,0.245292,"You are a code completion assistant. Read the following code and complete the function.
Output ONLY Python code for the function body (no def, no docstring, no comments, no tests, no prints).

Code:

def encode(message):
    """"""
    Write a function that takes a message, and encodes in such a 
    way that it swaps case of all letters, replaces all vowels in 
    the message with the letter that appears 2 places ahead of that 
    vowel in the english alphabet. 
    Assume only letters. 
    
    Examples:
    >>> encode('test')
    'TGST'
    >>> encode('This is a message')
    'tHKS KS C MGSSCGG'
    """"""


Complete the function: 
",5.916493727392027,121,20.451302
63,10,512,0.0,1.0,49,49,"```python
result = []
for i, row in enumerate(lst):
    for j, val in enumerate(row):
        if val == x:
            result.append((i, j))
result.sort(key=lambda x: (x[0], -x[1]))
```",0.15763576363636364,0.262834,"You are a code completion assistant. Read the following code and complete the function.
Output ONLY Python code for the function body (no def, no docstring, no comments, no tests, no prints).

Code:

def get_row(lst, x):
    """"""
    You are given a 2 dimensional data, as a nested lists,
    which is similar to matrix, however, unlike matrices,
    each row may contain a different number of columns.
    Given lst, and integer x, find integers x in the list,
    and return list of tuples, [(x1, y1), (x2, y2) ...] such that
    each tuple is a coordinate - (row, columns), starting with 0.
    Sort coordinates initially by rows in ascending order.
    Also, sort coordinates of the row by columns in descending order.
    
    Examples:
    get_row([
      [1,2,3,4,5,6],
      [1,2,3,4,1,6],
      [1,2,3,4,5,1]
    ], 1) == [(0, 0), (1, 4), (1, 0), (2, 5), (2, 0)]
    get_row([], 1) == []
    get_row([[], [1], [1, 2, 3]], 3) == [(2, 2)]
    """"""


Complete the function: 
",6.343738101886662,55,8.669967
64,10,512,0.0,1.0,38,38,"def cycpattern_check(a, b):
    for i in range(len(b)):
        if b in a or b[i:] + b[:i] in a:
            return True
    return False",0.14589406976744188,0.272836,"You are a code completion assistant. Read the following code and complete the function.
Output ONLY Python code for the function body (no def, no docstring, no comments, no tests, no prints).

Code:

def cycpattern_check(a , b):
    """"""You are given 2 words. You need to return True if the second word or any of its rotations is a substring in the first word
    cycpattern_check(""abcd"",""abd"") => False
    cycpattern_check(""hello"",""ell"") => True
    cycpattern_check(""whassup"",""psus"") => False
    cycpattern_check(""abab"",""baa"") => True
    cycpattern_check(""efef"",""eeff"") => False
    cycpattern_check(""himenss"",""simen"") => True

    """"""


Complete the function: 
",6.854288194126195,43,6.273445
65,10,512,0.0,1.0,10,10,return 0.5 * a * h,0.16028964285714284,0.247867,"You are a code completion assistant. Read the following code and complete the function.
Output ONLY Python code for the function body (no def, no docstring, no comments, no tests, no prints).

Code:


def triangle_area(a, h):
    """"""Given length of a side and high return area for a triangle.
    >>> triangle_area(5, 3)
    7.5
    """"""


Complete the function: 
",6.238706270568236,14,2.244055
66,10,512,0.0,0.8571428571428571,77,66,"def factorize(n: int) -> List[int]:
    factors = []
    i = 2
    while i * i <= n:
        if n % i:
            i += 1
        else:
            n //= i
            factors.append(i)
    if n > 1:
        factors.append(n)
    return factors",0.16569476,0.236705,"You are a code completion assistant. Read the following code and complete the function.
Output ONLY Python code for the function body (no def, no docstring, no comments, no tests, no prints).

Code:
from typing import List


def factorize(n: int) -> List[int]:
    """""" Return list of prime factors of given integer in the order from smallest to largest.
    Each of the factors should be listed number of times corresponding to how many times it appeares in factorization.
    Input number should be equal to the product of all factors
    >>> factorize(8)
    [2, 2, 2]
    >>> factorize(25)
    [5, 5]
    >>> factorize(70)
    [2, 5, 7]
    """"""


Complete the function: 
",6.035193870946793,75,12.427107
67,10,512,0.0,1.0,100,100,"def prime_fib(n: int):
    def is_prime(num):
        if num < 2:
            return False
        for i in range(2, int(num**0.5) + 1):
            if num % i == 0:
                return False
        return True
    
    a, b = 0, 1
    count = 0
    while count < n:
        a, b = b, a + b
        if is_prime(a):
            count += 1
    return a",0.15202255855855856,0.26091699999999995,"You are a code completion assistant. Read the following code and complete the function.
Output ONLY Python code for the function body (no def, no docstring, no comments, no tests, no prints).

Code:


def prime_fib(n: int):
    """"""
    prime_fib returns n-th number that is a Fibonacci number and it's also prime.
    >>> prime_fib(1)
    2
    >>> prime_fib(2)
    3
    >>> prime_fib(3)
    5
    >>> prime_fib(4)
    13
    >>> prime_fib(5)
    89
    """"""


Complete the function: 
",6.577971121403034,111,16.874504
68,10,512,0.0,0.9444444444444444,18,17,"```python
return sorted(set(l1) & set(l2))
```",0.17641066666666666,0.325783,"You are a code completion assistant. Read the following code and complete the function.
Output ONLY Python code for the function body (no def, no docstring, no comments, no tests, no prints).

Code:


def common(l1: list, l2: list):
    """"""Return sorted unique common elements for two lists.
    >>> common([1, 4, 3, 34, 653, 2, 5], [5, 7, 1, 5, 9, 653, 121])
    [1, 5, 653]
    >>> common([5, 3, 2, 8], [3, 2])
    [2, 3]

    """"""


Complete the function: 
",5.668591468391934,21,3.704624
69,10,512,0.0,1.0,36,36,"```python
min_val = min(numbers)
max_val = max(numbers)
return [(x - min_val) / (max_val - min_val) for x in numbers]
```",0.14610039024390245,0.230326,"You are a code completion assistant. Read the following code and complete the function.
Output ONLY Python code for the function body (no def, no docstring, no comments, no tests, no prints).

Code:
from typing import List


def rescale_to_unit(numbers: List[float]) -> List[float]:
    """""" Given list of numbers (of at least two elements), apply a linear transform to that list,
    such that the smallest number will become 0 and the largest will become 1
    >>> rescale_to_unit([1.0, 2.0, 3.0, 4.0, 5.0])
    [0.0, 0.25, 0.5, 0.75, 1.0]
    """"""


Complete the function: 
",6.844608685374373,41,5.9901159999999996
70,10,512,0.0,1.0,98,98,"def f(n):
    def factorial(x):
        if x == 0:
            return 1
        else:
            return x * factorial(x - 1)
    def sum_to_x(x):
        return (x * (x + 1)) // 2
    result = []
    for i in range(1, n + 1):
        if i % 2 == 0:
            result.append(factorial(i))
        else:
            result.append(sum_to_x(i))
    return result",0.15771551376146792,0.228655,"You are a code completion assistant. Read the following code and complete the function.
Output ONLY Python code for the function body (no def, no docstring, no comments, no tests, no prints).

Code:

def f(n):
    """""" Implement the function f that takes n as a parameter,
    and returns a list of size n, such that the value of the element at index i is the factorial of i if i is even
    or the sum of numbers from 1 to i otherwise.
    i starts from 1.
    the factorial of i is the multiplication of the numbers from 1 to i (1 * 2 * ... * i).
    Example:
    f(5) == [1, 2, 6, 24, 15]
    """"""


Complete the function: 
",6.340530339408589,109,17.190991
71,10,512,0.0,0.9803921568627451,51,50,"def is_simple_power(x, n):
    if x == 1:
        return True
    if n <= 1:
        return False
    power = n
    while power < x:
        power *= n
    return power == x",0.1878191754385965,0.261893,"You are a code completion assistant. Read the following code and complete the function.
Output ONLY Python code for the function body (no def, no docstring, no comments, no tests, no prints).

Code:

def is_simple_power(x, n):
    """"""Your task is to write a function that returns true if a number x is a simple
    power of n and false in other cases.
    x is a simple power of n if n**int=x
    For example:
    is_simple_power(1, 4) => true
    is_simple_power(2, 2) => true
    is_simple_power(8, 2) => true
    is_simple_power(3, 2) => false
    is_simple_power(3, 1) => false
    is_simple_power(5, 3) => false
    """"""


Complete the function: 
",5.324269993544557,57,10.705693
72,10,512,0.0,1.0,86,86,"def histogram(test):
    count = {}
    max_count = 0
    for letter in test.split():
        if letter in count:
            count[letter] += 1
            if count[letter] > max_count:
                max_count = count[letter]
        else:
            count[letter] = 1
    result = {letter: count for letter, count in count.items() if count == max_count}
    return result",0.14111531249999998,0.23271799999999998,"You are a code completion assistant. Read the following code and complete the function.
Output ONLY Python code for the function body (no def, no docstring, no comments, no tests, no prints).

Code:

def histogram(test):
    """"""Given a string representing a space separated lowercase letters, return a dictionary
    of the letter with the most repetition and containing the corresponding count.
    If several letters have the same occurrence, return all of them.
    
    Example:
    histogram('a b c') == {'a': 1, 'b': 1, 'c': 1}
    histogram('a b b a') == {'a': 2, 'b': 2}
    histogram('a b c a b') == {'a': 2, 'b': 2}
    histogram('b b b b a') == {'b': 4}
    histogram('') == {}

    """"""


Complete the function: 
",7.0864031853382325,96,13.54707
73,10,512,0.0,0.98,50,49,"def choose_num(x, y):
    if x > y:
        return -1
    for i in range(y, x-1, -1):
        if i % 2 == 0:
            return i
    return -1",0.13583473214285716,0.222999,"You are a code completion assistant. Read the following code and complete the function.
Output ONLY Python code for the function body (no def, no docstring, no comments, no tests, no prints).

Code:

def choose_num(x, y):
    """"""This function takes two positive numbers x and y and returns the
    biggest even integer number that is in the range [x, y] inclusive. If 
    there's no such number, then the function should return -1.

    For example:
    choose_num(12, 15) = 14
    choose_num(13, 12) = -1
    """"""


Complete the function: 
",7.361887377583972,56,7.606745
74,10,512,0.0,1.0,28,28,"return sum(1 for i in range(0, len(s), 2) if s[i] in 'AEIOU')",0.1410296875,0.23365799999999998,"You are a code completion assistant. Read the following code and complete the function.
Output ONLY Python code for the function body (no def, no docstring, no comments, no tests, no prints).

Code:

def count_upper(s):
    """"""
    Given a string s, count the number of uppercase vowels in even indices.
    
    For example:
    count_upper('aBCdEf') returns 1
    count_upper('abcdefg') returns 0
    count_upper('dBBE') returns 0
    """"""


Complete the function: 
",7.090705636003058,32,4.51295
75,10,512,0.0,1.0,40,40,"stack = []
for bracket in brackets:
    if bracket == ""<"":
        stack.append(bracket)
    elif bracket == "">"":
        if not stack:
            return False
        stack.pop()
return not stack",0.1439888888888889,0.219622,"You are a code completion assistant. Read the following code and complete the function.
Output ONLY Python code for the function body (no def, no docstring, no comments, no tests, no prints).

Code:


def correct_bracketing(brackets: str):
    """""" brackets is a string of ""<"" and "">"".
    return True if every opening bracket has a corresponding closing bracket.

    >>> correct_bracketing(""<"")
    False
    >>> correct_bracketing(""<>"")
    True
    >>> correct_bracketing(""<<><>>"")
    True
    >>> correct_bracketing(""><<>"")
    False
    """"""


Complete the function: 
",6.944980322555753,45,6.4795
76,10,512,0.0,1.0,50,50,"def special_factorial(n):
    result = 1
    for i in range(1, n + 1):
        factorial = 1
        for j in range(1, i + 1):
            factorial *= j
        result *= factorial
    return result",0.1459903275862069,0.23067400000000002,"You are a code completion assistant. Read the following code and complete the function.
Output ONLY Python code for the function body (no def, no docstring, no comments, no tests, no prints).

Code:

def special_factorial(n):
    """"""The Brazilian factorial is defined as:
    brazilian_factorial(n) = n! * (n-1)! * (n-2)! * ... * 1!
    where n > 0

    For example:
    >>> special_factorial(4)
    288

    The function will receive an integer as input and should return the special
    factorial of this integer.
    """"""


Complete the function: 
",6.849768861635731,58,8.467439
77,10,512,0.0,0.0,2,0,n,0.251921,0.251597,"You are a code completion assistant. Read the following code and complete the function.
Output ONLY Python code for the function body (no def, no docstring, no comments, no tests, no prints).

Code:


def car_race_collision(n: int):
    """"""
    Imagine a road that's a perfectly straight infinitely long line.
    n cars are driving left to right;  simultaneously, a different set of n cars
    are driving right to left.   The two sets of cars start out being very far from
    each other.  All cars move in the same speed.  Two cars are said to collide
    when a car that's moving left to right hits a car that's moving right to left.
    However, the cars are infinitely sturdy and strong; as a result, they continue moving
    in their trajectory as if they did not collide.

    This function outputs the number of such collisions.
    """"""


Complete the function: 
",3.9694983744904158,2,0.503842
78,10,512,0.0,1.0,90,90,"def parse_nested_parens(paren_string: str) -> List[int]:
    result = []
    for group in paren_string.split():
        max_nesting = 0
        current_nesting = 0
        for char in group:
            if char == '(':
                current_nesting += 1
                max_nesting = max(max_nesting, current_nesting)
            elif char == ')':
                current_nesting -= 1
        result.append(max_nesting)
    return result",0.14691448039215685,0.259151,"You are a code completion assistant. Read the following code and complete the function.
Output ONLY Python code for the function body (no def, no docstring, no comments, no tests, no prints).

Code:
from typing import List


def parse_nested_parens(paren_string: str) -> List[int]:
    """""" Input to this function is a string represented multiple groups for nested parentheses separated by spaces.
    For each of the group, output the deepest level of nesting of parentheses.
    E.g. (()()) has maximum two levels of nesting while ((())) has three.

    >>> parse_nested_parens('(()()) ((())) () ((())()())')
    [2, 3, 1, 3]
    """"""


Complete the function: 
",6.806680984275433,102,14.985277
79,10,512,0.0,1.0,34,34,"for i in range(len(arr) - 1, -1, -1):
    if arr[i] < arr[i - 1]:
        return i
return -1",0.16125782051282053,0.299477,"You are a code completion assistant. Read the following code and complete the function.
Output ONLY Python code for the function body (no def, no docstring, no comments, no tests, no prints).

Code:

def can_arrange(arr):
    """"""Create a function which returns the largest index of an element which
    is not greater than or equal to the element immediately preceding it. If
    no such element exists then return -1. The given array will not contain
    duplicate values.

    Examples:
    can_arrange([1,2,4,3,5]) = 3
    can_arrange([1,2,3]) = -1
    """"""


Complete the function: 
",6.2012496313039085,39,6.289055
80,10,512,0.0,1.0,45,45,"```python
for i in range(len(numbers) - 1):
    for j in range(i + 1, len(numbers)):
        if abs(numbers[i] - numbers[j]) < threshold:
            return True
return False
```",0.1519176862745098,0.265865,"You are a code completion assistant. Read the following code and complete the function.
Output ONLY Python code for the function body (no def, no docstring, no comments, no tests, no prints).

Code:
from typing import List


def has_close_elements(numbers: List[float], threshold: float) -> bool:
    """""" Check if in given list of numbers, are any two numbers closer to each other than
    given threshold.
    >>> has_close_elements([1.0, 2.0, 3.0], 0.5)
    False
    >>> has_close_elements([1.0, 2.8, 3.0, 4.0, 5.0, 2.0], 0.3)
    True
    """"""


Complete the function: 
",6.58251204664239,51,7.747802
81,10,512,0.0,0.9583333333333334,24,23,"for i in range(n//2, 0, -1):
    if n % i == 0:
        return i",0.10313848148148148,0.180023,"You are a code completion assistant. Read the following code and complete the function.
Output ONLY Python code for the function body (no def, no docstring, no comments, no tests, no prints).

Code:


def largest_divisor(n: int) -> int:
    """""" For a given number n, find the largest number that divides n evenly, smaller than n
    >>> largest_divisor(15)
    5
    """"""


Complete the function: 
",9.695702182502561,27,2.784739
82,10,512,0.0,1.0,88,88,"def tri(n):
    if n == 0:
        return [3]
    if n == 1:
        return [3, 2]
    sequence = [3, 2]
    for i in range(2, n + 1):
        if i % 2 == 0:
            sequence.append(1 + i / 2)
        else:
            sequence.append(sequence[-1] + sequence[-2] + sequence[0])
    return sequence",0.10442570408163264,0.200888,"You are a code completion assistant. Read the following code and complete the function.
Output ONLY Python code for the function body (no def, no docstring, no comments, no tests, no prints).

Code:

def tri(n):
    """"""Everyone knows Fibonacci sequence, it was studied deeply by mathematicians in 
    the last couple centuries. However, what people don't know is Tribonacci sequence.
    Tribonacci sequence is defined by the recurrence:
    tri(1) = 3
    tri(n) = 1 + n / 2, if n is even.
    tri(n) =  tri(n - 1) + tri(n - 2) + tri(n + 1), if n is odd.
    For example:
    tri(2) = 1 + (2 / 2) = 2
    tri(4) = 3
    tri(3) = tri(2) + tri(1) + tri(4)
           = 2 + 3 + 3 = 8 
    You are given a non-negative integer number n, you have to a return a list of the 
    first n + 1 numbers of the Tribonacci sequence.
    Examples:
    tri(3) = [1, 3, 2, 8]
    """"""


Complete the function: 
",9.57618633069757,98,10.233718999999999
83,10,512,0.0,1.0,135,135,"def numerical_letter_grade(grades):
    return ['A+' if g == 4.0 else 'A' if g > 3.7 else 'A-' if g > 3.3 else 'B+' if g > 3.0 else 'B' if g > 2.7 else 'B-' if g > 2.3 else 'C+' if g > 2.0 else 'C' if g > 1.7 else 'C-' if g > 1.3 else 'D+' if g > 1.0 else 'D' if g > 0.7 else 'D-' if g > 0.0 else 'E' for g in grades]",0.11389791999999999,0.20505,"You are a code completion assistant. Read the following code and complete the function.
Output ONLY Python code for the function body (no def, no docstring, no comments, no tests, no prints).

Code:

def numerical_letter_grade(grades):
    """"""It is the last week of the semester and the teacher has to give the grades
    to students. The teacher has been making her own algorithm for grading.
    The only problem is, she has lost the code she used for grading.
    She has given you a list of GPAs for some students and you have to write 
    a function that can output a list of letter grades using the following table:
             GPA       |    Letter grade
              4.0                A+
            > 3.7                A 
            > 3.3                A- 
            > 3.0                B+
            > 2.7                B 
            > 2.3                B-
            > 2.0                C+
            > 1.7                C
            > 1.3                C-
            > 1.0                D+ 
            > 0.7                D 
            > 0.0                D-
              0.0                E
    

    Example:
    grade_equation([4.0, 3, 1.7, 2, 3.5]) ==> ['A+', 'B', 'C-', 'C', 'A-']
    """"""


Complete the function: 
",8.779791588819183,150,17.084688
84,10,512,0.0,1.0,6,6,return sorted(set(l)),0.10316875,0.20228800000000002,"You are a code completion assistant. Read the following code and complete the function.
Output ONLY Python code for the function body (no def, no docstring, no comments, no tests, no prints).

Code:


def unique(l: list):
    """"""Return sorted unique elements in a list
    >>> unique([5, 3, 5, 2, 3, 3, 9, 0, 123])
    [0, 2, 3, 5, 9, 123]
    """"""


Complete the function: 
",9.692857575574,8,0.82535
85,10,512,0.0,0.9655172413793104,29,28,"import hashlib

def string_to_md5(text):
    if text == """":
        return None
    return hashlib.md5(text.encode()).hexdigest()",0.115950625,0.214253,"You are a code completion assistant. Read the following code and complete the function.
Output ONLY Python code for the function body (no def, no docstring, no comments, no tests, no prints).

Code:

def string_to_md5(text):
    """"""
    Given a string 'text', return its md5 hash equivalent string.
    If 'text' is an empty string, return None.

    >>> string_to_md5('Hello world') == '3e25960a79dbc69b674cd4ec67a72c62'
    """"""


Complete the function: 
",8.624360584516038,32,3.71042
86,10,512,0.0,0.9722222222222222,36,35,"return all(x <= y for x, y in zip(l, l[1:])) or all(x >= y for x, y in zip(l, l[1:]))",0.11917842857142857,0.197585,"You are a code completion assistant. Read the following code and complete the function.
Output ONLY Python code for the function body (no def, no docstring, no comments, no tests, no prints).

Code:


def monotonic(l: list):
    """"""Return True is list elements are monotonically increasing or decreasing.
    >>> monotonic([1, 2, 4, 20])
    True
    >>> monotonic([1, 20, 4, 10])
    False
    >>> monotonic([4, 1, 0, -10])
    True
    """"""


Complete the function: 
",8.390780210704477,42,5.005494
87,10,512,0.0,1.0,70,70,"```python
s = (a + b + c) / 2
area = (s * (s - a) * (s - b) * (s - c)) ** 0.5
return round(area, 2) if a + b > c and a + c > b and b + c > a else -1
```",0.09721761538461539,0.192634,"You are a code completion assistant. Read the following code and complete the function.
Output ONLY Python code for the function body (no def, no docstring, no comments, no tests, no prints).

Code:

def triangle_area(a, b, c):
    '''
    Given the lengths of the three sides of a triangle. Return the area of
    the triangle rounded to 2 decimal points if the three sides form a valid triangle. 
    Otherwise return -1
    Three sides make a valid triangle when the sum of any two sides is greater 
    than the third side.
    Example:
    triangle_area(3, 4, 5) == 6.00
    triangle_area(1, 2, 10) == -1
    '''


Complete the function: 
",10.286201693425296,78,7.582974
88,10,512,0.0,1.0,80,80,"def skjkasdkd(lst):
    def is_prime(n):
        if n < 2:
            return False
        for i in range(2, int(n**0.5) + 1):
            if n % i == 0:
                return False
        return True
    
    max_prime = max(filter(is_prime, lst))
    return sum(int(digit) for digit in str(max_prime))",0.07001146067415731,0.168795,"You are a code completion assistant. Read the following code and complete the function.
Output ONLY Python code for the function body (no def, no docstring, no comments, no tests, no prints).

Code:


def skjkasdkd(lst):
    """"""You are given a list of integers.
    You need to find the largest prime value and return the sum of its digits.

    Examples:
    For lst = [0,3,2,1,3,5,7,4,5,5,5,2,181,32,4,32,3,2,32,324,4,3] the output should be 10
    For lst = [1,0,1,8,2,4597,2,1,3,40,1,2,1,2,4,2,5,1] the output should be 25
    For lst = [1,3,1,32,5107,34,83278,109,163,23,2323,32,30,1,9,3] the output should be 13
    For lst = [0,724,32,71,99,32,6,0,5,91,83,0,5,6] the output should be 11
    For lst = [0,81,12,3,1,21] the output should be 3
    For lst = [0,8,1,2,1,7] the output should be 7
    """"""


Complete the function: 
",14.283375755494284,89,6.23102
89,10,512,0.0,1.0,72,72,"def decode_cyclic(s: str):
    groups = [s[(3 * i):min((3 * i + 3), len(s))] for i in range((len(s) + 2) // 3)]
    groups = [(group[-1] + group[:-1]) if len(group) == 3 else group for group in groups]
    return """".join(groups)",0.07440095061728395,0.161297,"You are a code completion assistant. Read the following code and complete the function.
Output ONLY Python code for the function body (no def, no docstring, no comments, no tests, no prints).

Code:


def encode_cyclic(s: str):
    """"""
    returns encoded string by cycling groups of three characters.
    """"""
    # split string to groups. Each of length 3.
    groups = [s[(3 * i):min((3 * i + 3), len(s))] for i in range((len(s) + 2) // 3)]
    # cycle elements in each group. Unless group has fewer elements than 3.
    groups = [(group[1:] + group[0]) if len(group) == 3 else group for group in groups]
    return """".join(groups)


def decode_cyclic(s: str):
    """"""
    takes as input string encoded with encode_cyclic function. Returns decoded string.
    """"""


Complete the function: 
",13.440688481844369,81,6.026477
90,10,512,0.0,0.9821428571428571,56,55,"def sort_array(array):
    if not array:
        return []
    first = array[0]
    last = array[-1]
    if (first + last) % 2 == 0:
        return sorted(array, reverse=True)
    else:
        return sorted(array)",0.08280979365079365,0.15742599999999998,"You are a code completion assistant. Read the following code and complete the function.
Output ONLY Python code for the function body (no def, no docstring, no comments, no tests, no prints).

Code:

def sort_array(array):
    """"""
    Given an array of non-negative integers, return a copy of the given array after sorting,
    you will sort the given array in ascending order if the sum( first index value, last index value) is odd,
    or sort it in descending order if the sum( first index value, last index value) is even.

    Note:
    * don't change the given array.

    Examples:
    * sort_array([]) => []
    * sort_array([5]) => [5]
    * sort_array([2, 4, 3, 0, 1, 5]) => [0, 1, 2, 3, 4, 5]
    * sort_array([2, 4, 3, 0, 1, 5, 6]) => [6, 5, 4, 3, 2, 1, 0]
    """"""


Complete the function: 
",12.075866342777875,63,5.217017
91,10,512,0.0,1.0,13,13,"```python
return set(s0) == set(s1)
```",0.0827149375,0.16748400000000002,"You are a code completion assistant. Read the following code and complete the function.
Output ONLY Python code for the function body (no def, no docstring, no comments, no tests, no prints).

Code:


def same_chars(s0: str, s1: str):
    """"""
    Check if two words have the same characters.
    >>> same_chars('eabcdzzzz', 'dddzzzzzzzddeddabc')
    True
    >>> same_chars('abcd', 'dddddddabc')
    True
    >>> same_chars('dddddddabc', 'abcd')
    True
    >>> same_chars('eabcd', 'dddddddabc')
    False
    >>> same_chars('abcd', 'dddddddabce')
    False
    >>> same_chars('eabcdzzzz', 'dddzzzzzzzddddabc')
    False
    """"""


Complete the function: 
",12.089714750736528,16,1.323439
92,10,512,0.0,1.0,20,20,"def modp(n: int, p: int):
    return pow(2, n, p)",0.08465295652173913,0.168272,"You are a code completion assistant. Read the following code and complete the function.
Output ONLY Python code for the function body (no def, no docstring, no comments, no tests, no prints).

Code:


def modp(n: int, p: int):
    """"""Return 2^n modulo p (be aware of numerics).
    >>> modp(3, 5)
    3
    >>> modp(1101, 101)
    2
    >>> modp(0, 101)
    1
    >>> modp(3, 11)
    8
    >>> modp(100, 101)
    1
    """"""


Complete the function: 
",11.812936500843856,23,1.9470180000000001
93,10,512,0.0,0.9891304347826086,92,91,"def intersection(interval1, interval2):
    start = max(interval1[0], interval2[0])
    end = min(interval1[1], interval2[1])
    length = end - start + 1
    if length <= 1:
        return ""NO""
    for i in range(2, int(length**0.5) + 1):
        if length % i == 0:
            return ""NO""
    return ""YES""",0.1239596274509804,0.19525299999999998,"You are a code completion assistant. Read the following code and complete the function.
Output ONLY Python code for the function body (no def, no docstring, no comments, no tests, no prints).

Code:

def intersection(interval1, interval2):
    """"""You are given two intervals,
    where each interval is a pair of integers. For example, interval = (start, end) = (1, 2).
    The given intervals are closed which means that the interval (start, end)
    includes both start and end.
    For each given interval, it is assumed that its start is less or equal its end.
    Your task is to determine whether the length of intersection of these two 
    intervals is a prime number.
    Example, the intersection of the intervals (1, 3), (2, 4) is (2, 3)
    which its length is 1, which not a prime number.
    If the length of the intersection is a prime number, return ""YES"",
    otherwise, return ""NO"".
    If the two intervals don't intersect, return ""NO"".


    [input/output] samples:
    intersection((1, 2), (2, 3)) ==> ""NO""
    intersection((-1, 1), (0, 4)) ==> ""NO""
    intersection((-3, -1), (-5, 5)) ==> ""YES""
    """"""


Complete the function: 
",8.067142670265351,102,12.643882
94,10,512,0.0,0.9714285714285714,35,34,"```python
balance = 0
for op in operations:
    balance += op
    if balance < 0:
        return True
return False
```",0.1270798717948718,0.214586,"You are a code completion assistant. Read the following code and complete the function.
Output ONLY Python code for the function body (no def, no docstring, no comments, no tests, no prints).

Code:
from typing import List


def below_zero(operations: List[int]) -> bool:
    """""" You're given a list of deposit and withdrawal operations on a bank account that starts with
    zero balance. Your task is to detect if at any point the balance of account fallls below zero, and
    at that point function should return True. Otherwise it should return False.
    >>> below_zero([1, 2, 3])
    False
    >>> below_zero([1, 2, -4, 5])
    True
    """"""


Complete the function: 
",7.869066799297434,39,4.956115
95,10,512,0.0,0.98,50,49,"def total_match(lst1, lst2):
    total1 = sum(len(word) for word in lst1)
    total2 = sum(len(word) for word in lst2)
    return lst1 if total1 <= total2 else lst2",0.13109564285714284,0.211808,"You are a code completion assistant. Read the following code and complete the function.
Output ONLY Python code for the function body (no def, no docstring, no comments, no tests, no prints).

Code:

def total_match(lst1, lst2):
    '''
    Write a function that accepts two lists of strings and returns the list that has 
    total number of chars in the all strings of the list less than the other list.

    if the two lists have the same number of chars, return the first list.

    Examples
    total_match([], []) ➞ []
    total_match(['hi', 'admin'], ['hI', 'Hi']) ➞ ['hI', 'Hi']
    total_match(['hi', 'admin'], ['hi', 'hi', 'admin', 'project']) ➞ ['hi', 'admin']
    total_match(['hi', 'admin'], ['hI', 'hi', 'hi']) ➞ ['hI', 'hi', 'hi']
    total_match(['4'], ['1', '2', '3', '4', '5']) ➞ ['4']
    '''


Complete the function: 
",7.628018584032705,56,7.341355999999999
96,10,512,0.0,1.0,20,20,"```python
return (a % 10) * (b % 10)
```",0.128631,0.224543,"You are a code completion assistant. Read the following code and complete the function.
Output ONLY Python code for the function body (no def, no docstring, no comments, no tests, no prints).

Code:

def multiply(a, b):
    """"""Complete the function that takes two integers and returns 
    the product of their unit digits.
    Assume the input is always valid.
    Examples:
    multiply(148, 412) should return 16.
    multiply(19, 28) should return 72.
    multiply(2020, 1851) should return 0.
    multiply(14,-15) should return 20.
    """"""


Complete the function: 
",7.774175743016848,23,2.958513
97,10,512,0.0,1.0,70,70,"def is_sorted(lst):
    if len(lst) < 2:
        return True
    prev = lst[0]
    for i in range(1, len(lst)):
        if lst[i] < prev:
            return False
        if lst[i] == prev and lst.count(prev) > 1:
            return False
        prev = lst[i]
    return True",0.13710026923076923,0.227439,"You are a code completion assistant. Read the following code and complete the function.
Output ONLY Python code for the function body (no def, no docstring, no comments, no tests, no prints).

Code:

def is_sorted(lst):
    '''
    Given a list of numbers, return whether or not they are sorted
    in ascending order. If list has more than 1 duplicate of the same
    number, return False. Assume no negative numbers and only integers.

    Examples
    is_sorted([5]) ➞ True
    is_sorted([1, 2, 3, 4, 5]) ➞ True
    is_sorted([1, 3, 2, 4, 5]) ➞ False
    is_sorted([1, 2, 3, 4, 5, 6]) ➞ True
    is_sorted([1, 2, 3, 4, 5, 6, 7]) ➞ True
    is_sorted([1, 3, 2, 4, 5, 6, 7]) ➞ False
    is_sorted([1, 2, 2, 3, 3, 4]) ➞ True
    is_sorted([1, 2, 2, 2, 3, 4]) ➞ False
    '''


Complete the function: 
",7.293931701306764,78,10.693821
98,10,512,0.0,1.0,33,33,"```python
result = []
seen = set()
for num in numbers:
    if num not in seen:
        result.append(num)
        seen.add(num)
return result
```",0.12797273684210525,0.21212299999999998,"You are a code completion assistant. Read the following code and complete the function.
Output ONLY Python code for the function body (no def, no docstring, no comments, no tests, no prints).

Code:
from typing import List


def remove_duplicates(numbers: List[int]) -> List[int]:
    """""" From a list of integers, remove all elements that occur more than once.
    Keep order of elements left the same as in the input.
    >>> remove_duplicates([1, 2, 3, 2, 4])
    [1, 3, 4]
    """"""


Complete the function: 
",7.814164365600897,38,4.862964
99,10,512,0.0,1.0,30,30,"```python
return a*a + b*b == c*c or a*a + c*c == b*b or b*b + c*c == a*a
```",0.12822517647058823,0.23792,"You are a code completion assistant. Read the following code and complete the function.
Output ONLY Python code for the function body (no def, no docstring, no comments, no tests, no prints).

Code:

def right_angle_triangle(a, b, c):
    '''
    Given the lengths of the three sides of a triangle. Return True if the three
    sides form a right-angled triangle, False otherwise.
    A right-angled triangle is a triangle in which one angle is right angle or 
    90 degree.
    Example:
    right_angle_triangle(3, 4, 5) == True
    right_angle_triangle(1, 2, 3) == False
    '''


Complete the function: 
",7.798780454237674,34,4.359656
